protein_id,sequence
P00000,index
P00001,0
P00002,1
P00003,2
P00004,3
P00005,4
P00006,5
P00007,6
P00008,7
P00009,8
P00010,9
P00011,10
P00012,11
P00013,12
P00014,13
P00015,14
P00016,15
P00017,16
P00018,17
P00019,18
P00020,19
P00021,20
P00022,21
P00023,22
P00024,23
P00025,24
P00026,25
P00027,26
P00028,27
P00029,28
P00030,29
P00031,30
P00032,31
P00033,32
P00034,33
P00035,34
P00036,35
P00037,36
P00038,37
P00039,38
P00040,39
P00041,40
P00042,41
P00043,42
P00044,43
P00045,44
P00046,45
P00047,46
P00048,47
P00049,48
P00050,49
P00051,50
P00052,51
P00053,52
P00054,53
P00055,54
P00056,55
P00057,56
P00058,57
P00059,58
P00060,59
P00061,60
P00062,61
P00063,62
P00064,63
P00065,64
P00066,65
P00067,66
P00068,67
P00069,68
P00070,69
P00071,70
P00072,71
P00073,72
P00074,73
P00075,74
P00076,75
P00077,76
P00078,77
P00079,78
P00080,79
P00081,80
P00082,81
P00083,82
P00084,83
P00085,84
P00086,85
P00087,86
P00088,87
P00089,88
P00090,89
P00091,90
P00092,91
P00093,92
P00094,93
P00095,94
P00096,95
P00097,96
P00098,97
P00099,98
P00100,99
P00101,100
P00102,101
P00103,102
P00104,103
P00105,104
P00106,105
P00107,106
P00108,107
P00109,108
P00110,109
P00111,110
P00112,111
P00113,112
P00114,113
P00115,114
P00116,115
P00117,116
P00118,117
P00119,118
P00120,119
P00121,120
P00122,121
P00123,122
P00124,123
P00125,124
P00126,125
P00127,126
P00128,127
P00129,128
P00130,129
P00131,130
P00132,131
P00133,132
P00134,133
P00135,134
P00136,135
P00137,136
P00138,137
P00139,138
P00140,139
P00141,140
P00142,141
P00143,142
P00144,143
P00145,144
P00146,145
P00147,146
P00148,147
P00149,148
P00150,149
P00151,150
P00152,151
P00153,152
P00154,153
P00155,154
P00156,155
P00157,156
P00158,157
P00159,158
P00160,159
P00161,160
P00162,161
P00163,162
P00164,163
P00165,164
P00166,165
P00167,166
P00168,167
P00169,168
P00170,169
P00171,170
P00172,171
P00173,172
P00174,173
P00175,174
P00176,175
P00177,176
P00178,177
P00179,178
P00180,179
P00181,180
P00182,181
P00183,182
P00184,183
P00185,184
P00186,185
P00187,186
P00188,187
P00189,188
P00190,189
P00191,190
P00192,191
P00193,192
P00194,193
P00195,194
P00196,195
P00197,196
P00198,197
P00199,198
P00200,199
P00201,200
P00202,201
P00203,202
P00204,203
P00205,204
P00206,205
P00207,206
P00208,207
P00209,208
P00210,209
P00211,210
P00212,211
P00213,212
P00214,213
P00215,214
P00216,215
P00217,216
P00218,217
P00219,218
P00220,219
P00221,220
P00222,221
P00223,222
P00224,223
P00225,224
P00226,225
P00227,226
P00228,227
P00229,228
P00230,229
P00231,230
P00232,231
P00233,232
P00234,233
P00235,234
P00236,235
P00237,236
P00238,237
P00239,238
P00240,239
P00241,240
P00242,241
P00243,242
P00244,243
P00245,244
P00246,245
P00247,246
P00248,247
P00249,248
P00250,249
P00251,250
P00252,251
P00253,252
P00254,253
P00255,254
P00256,255
P00257,256
P00258,257
P00259,258
P00260,259
P00261,260
P00262,261
P00263,262
P00264,263
P00265,264
P00266,265
P00267,266
P00268,267
P00269,268
P00270,269
P00271,270
P00272,271
P00273,272
P00274,273
P00275,274
P00276,275
P00277,276
P00278,277
P00279,278
P00280,279
P00281,280
P00282,281
P00283,282
P00284,283
P00285,284
P00286,285
P00287,286
P00288,287
P00289,288
P00290,289
P00291,290
P00292,291
P00293,292
P00294,293
P00295,294
P00296,295
P00297,296
P00298,297
P00299,298
P00300,299
P00301,300
P00302,301
P00303,302
P00304,303
P00305,304
P00306,305
P00307,306
P00308,307
P00309,308
P00310,309
P00311,310
P00312,311
P00313,312
P00314,313
P00315,314
P00316,315
P00317,316
P00318,317
P00319,318
P00320,319
P00321,320
P00322,321
P00323,322
P00324,323
P00325,324
P00326,325
P00327,326
P00328,327
P00329,328
P00330,329
P00331,330
P00332,331
P00333,332
P00334,333
P00335,334
P00336,335
P00337,336
P00338,337
P00339,338
P00340,339
P00341,340
P00342,341
P00343,342
P00344,343
P00345,344
P00346,345
P00347,346
P00348,347
P00349,348
P00350,349
P00351,350
P00352,351
P00353,352
P00354,353
P00355,354
P00356,355
P00357,356
P00358,357
P00359,358
P00360,359
P00361,360
P00362,361
P00363,362
P00364,363
P00365,364
P00366,365
P00367,366
P00368,367
P00369,368
P00370,369
P00371,370
P00372,371
P00373,372
P00374,373
P00375,374
P00376,375
P00377,376
P00378,377
P00379,378
P00380,379
P00381,380
P00382,381
P00383,382
P00384,383
P00385,384
P00386,385
P00387,386
P00388,387
P00389,388
P00390,389
P00391,390
P00392,391
P00393,392
P00394,393
P00395,394
P00396,395
P00397,396
P00398,397
P00399,398
P00400,399
P00401,400
P00402,401
P00403,402
P00404,403
P00405,404
P00406,405
P00407,406
P00408,407
P00409,408
P00410,409
P00411,410
P00412,411
P00413,412
P00414,413
P00415,414
P00416,415
P00417,416
P00418,417
P00419,418
P00420,419
P00421,420
P00422,421
P00423,422
P00424,423
P00425,424
P00426,425
P00427,426
P00428,427
P00429,428
P00430,429
P00431,430
P00432,431
P00433,432
P00434,433
P00435,434
P00436,435
P00437,436
P00438,437
P00439,438
P00440,439
P00441,440
P00442,441
P00443,442
P00444,443
P00445,444
P00446,445
P00447,446
P00448,447
P00449,448
P00450,449
P00451,450
P00452,451
P00453,452
P00454,453
P00455,454
P00456,455
P00457,456
P00458,457
P00459,458
P00460,459
P00461,460
P00462,461
P00463,462
P00464,463
P00465,464
P00466,465
P00467,466
P00468,467
P00469,468
P00470,469
P00471,470
P00472,471
P00473,472
P00474,473
P00475,474
P00476,475
P00477,476
P00478,477
P00479,478
P00480,479
P00481,480
P00482,481
P00483,482
P00484,483
P00485,484
P00486,485
P00487,486
P00488,487
P00489,488
P00490,489
P00491,490
P00492,491
P00493,492
P00494,493
P00495,494
P00496,495
P00497,496
P00498,497
P00499,498
P00500,499
P00501,500
P00502,501
P00503,502
P00504,503
P00505,504
P00506,505
P00507,506
P00508,507
P00509,508
P00510,509
P00511,510
P00512,511
P00513,512
P00514,513
P00515,514
P00516,515
P00517,516
P00518,517
P00519,518
P00520,519
P00521,520
P00522,521
P00523,522
P00524,523
P00525,524
P00526,525
P00527,526
P00528,527
P00529,528
P00530,529
P00531,530
P00532,531
P00533,532
P00534,533
P00535,534
P00536,535
P00537,536
P00538,537
P00539,538
P00540,539
P00541,540
P00542,541
P00543,542
P00544,543
P00545,544
P00546,545
P00547,546
P00548,547
P00549,548
P00550,549
P00551,550
P00552,551
P00553,552
P00554,553
P00555,554
P00556,555
P00557,556
P00558,557
P00559,558
P00560,559
P00561,560
P00562,561
P00563,562
P00564,563
P00565,564
P00566,565
P00567,566
P00568,567
P00569,568
P00570,569
P00571,570
P00572,571
P00573,572
P00574,573
P00575,574
P00576,575
P00577,576
P00578,577
P00579,578
P00580,579
P00581,580
P00582,581
P00583,582
P00584,583
P00585,584
P00586,585
P00587,586
P00588,587
P00589,588
P00590,589
P00591,590
P00592,591
P00593,592
P00594,593
P00595,594
P00596,595
P00597,596
P00598,597
P00599,598
P00600,599
P00601,600
P00602,601
P00603,602
P00604,603
P00605,604
P00606,605
P00607,606
P00608,607
P00609,608
P00610,609
P00611,610
P00612,611
P00613,612
P00614,613
P00615,614
P00616,615
P00617,616
P00618,617
P00619,618
P00620,619
P00621,620
P00622,621
P00623,622
P00624,623
P00625,624
P00626,625
P00627,626
P00628,627
P00629,628
P00630,629
P00631,630
P00632,631
P00633,632
P00634,633
P00635,634
P00636,635
P00637,636
P00638,637
P00639,638
P00640,639
P00641,640
P00642,641
P00643,642
P00644,643
P00645,644
P00646,645
P00647,646
P00648,647
P00649,648
P00650,649
P00651,650
P00652,651
P00653,652
P00654,653
P00655,654
P00656,655
P00657,656
P00658,657
P00659,658
P00660,659
P00661,660
P00662,661
P00663,662
P00664,663
P00665,664
P00666,665
P00667,666
P00668,667
P00669,668
P00670,669
P00671,670
P00672,671
P00673,672
P00674,673
P00675,674
P00676,675
P00677,676
P00678,677
P00679,678
P00680,679
P00681,680
P00682,681
P00683,682
P00684,683
P00685,684
P00686,685
P00687,686
P00688,687
P00689,688
P00690,689
P00691,690
P00692,691
P00693,692
P00694,693
P00695,694
P00696,695
P00697,696
P00698,697
P00699,698
P00700,699
P00701,700
P00702,701
P00703,702
P00704,703
P00705,704
P00706,705
P00707,706
P00708,707
P00709,708
P00710,709
P00711,710
P00712,711
P00713,712
P00714,713
P00715,714
P00716,715
P00717,716
P00718,717
P00719,718
P00720,719
P00721,720
P00722,721
P00723,722
P00724,723
P00725,724
P00726,725
P00727,726
P00728,727
P00729,728
P00730,729
P00731,730
P00732,731
P00733,732
P00734,733
P00735,734
P00736,735
P00737,736
P00738,737
P00739,738
P00740,739
P00741,740
P00742,741
P00743,742
P00744,743
P00745,744
P00746,745
P00747,746
P00748,747
P00749,748
P00750,749
P00751,750
P00752,751
P00753,752
P00754,753
P00755,754
P00756,755
P00757,756
P00758,757
P00759,758
P00760,759
P00761,760
P00762,761
P00763,762
P00764,763
P00765,764
P00766,765
P00767,766
P00768,767
P00769,768
P00770,769
P00771,770
P00772,771
P00773,772
P00774,773
P00775,774
P00776,775
P00777,776
P00778,777
P00779,778
P00780,779
P00781,780
P00782,781
P00783,782
P00784,783
P00785,784
P00786,785
P00787,786
P00788,787
P00789,788
P00790,789
P00791,790
P00792,791
P00793,792
P00794,793
P00795,794
P00796,795
P00797,796
P00798,797
P00799,798
P00800,799
P00801,800
P00802,801
P00803,802
P00804,803
P00805,804
P00806,805
P00807,806
P00808,807
P00809,808
P00810,809
P00811,810
P00812,811
P00813,812
P00814,813
P00815,814
P00816,815
P00817,816
P00818,817
P00819,818
P00820,819
P00821,820
P00822,821
P00823,822
P00824,823
P00825,824
P00826,825
P00827,826
P00828,827
P00829,828
P00830,829
P00831,830
P00832,831
P00833,832
P00834,833
P00835,834
P00836,835
P00837,836
P00838,837
P00839,838
P00840,839
P00841,840
P00842,841
P00843,842
P00844,843
P00845,844
P00846,845
P00847,846
P00848,847
P00849,848
P00850,849
P00851,850
P00852,851
P00853,852
P00854,853
P00855,854
P00856,855
P00857,856
P00858,857
P00859,858
P00860,859
P00861,860
P00862,861
P00863,862
P00864,863
P00865,864
P00866,865
P00867,866
P00868,867
P00869,868
P00870,869
P00871,870
P00872,871
P00873,872
P00874,873
P00875,874
P00876,875
P00877,876
P00878,877
P00879,878
P00880,879
P00881,880
P00882,881
P00883,882
P00884,883
P00885,884
P00886,885
P00887,886
P00888,887
P00889,888
P00890,889
P00891,890
P00892,891
P00893,892
P00894,893
P00895,894
P00896,895
P00897,896
P00898,897
P00899,898
P00900,899
P00901,900
P00902,901
P00903,902
P00904,903
P00905,904
P00906,905
P00907,906
P00908,907
P00909,908
P00910,909
P00911,910
P00912,911
P00913,912
P00914,913
P00915,914
P00916,915
P00917,916
P00918,917
P00919,918
P00920,919
P00921,920
P00922,921
P00923,922
P00924,923
P00925,924
P00926,925
P00927,926
P00928,927
P00929,928
P00930,929
P00931,930
P00932,931
P00933,932
P00934,933
P00935,934
P00936,935
P00937,936
P00938,937
P00939,938
P00940,939
P00941,940
P00942,941
P00943,942
P00944,943
P00945,944
P00946,945
P00947,946
P00948,947
P00949,948
P00950,949
P00951,950
P00952,951
P00953,952
P00954,953
P00955,954
P00956,955
P00957,956
P00958,957
P00959,958
P00960,959
P00961,960
P00962,961
P00963,962
P00964,963
P00965,964
P00966,965
P00967,966
P00968,967
P00969,968
P00970,969
P00971,970
P00972,971
P00973,972
P00974,973
P00975,974
P00976,975
P00977,976
P00978,977
P00979,978
P00980,979
P00981,980
P00982,981
P00983,982
P00984,983
P00985,984
P00986,985
P00987,986
P00988,987
P00989,988
P00990,989
P00991,990
P00992,991
P00993,992
P00994,993
P00995,994
P00996,995
P00997,996
P00998,997
P00999,998
P01000,999
P01001,1000
P01002,1001
P01003,1002
P01004,1003
P01005,1004
P01006,1005
P01007,1006
P01008,1007
P01009,1008
P01010,1009
P01011,1010
P01012,1011
P01013,1012
P01014,1013
P01015,1014
P01016,1015
P01017,1016
P01018,1017
P01019,1018
P01020,1019
P01021,1020
P01022,1021
P01023,1022
P01024,1023
P01025,1024
P01026,1025
P01027,1026
P01028,1027
P01029,1028
P01030,1029
P01031,1030
P01032,1031
P01033,1032
P01034,1033
P01035,1034
P01036,1035
P01037,1036
P01038,1037
P01039,1038
P01040,1039
P01041,1040
P01042,1041
P01043,1042
P01044,1043
P01045,1044
P01046,1045
P01047,1046
P01048,1047
P01049,1048
P01050,1049
P01051,1050
P01052,1051
P01053,1052
P01054,1053
P01055,1054
P01056,1055
P01057,1056
P01058,1057
P01059,1058
P01060,1059
P01061,1060
P01062,1061
P01063,1062
P01064,1063
P01065,1064
P01066,1065
P01067,1066
P01068,1067
P01069,1068
P01070,1069
P01071,1070
P01072,1071
P01073,1072
P01074,1073
P01075,1074
P01076,1075
P01077,1076
P01078,1077
P01079,1078
P01080,1079
P01081,1080
P01082,1081
P01083,1082
P01084,1083
P01085,1084
P01086,1085
P01087,1086
P01088,1087
P01089,1088
P01090,1089
P01091,1090
P01092,1091
P01093,1092
P01094,1093
P01095,1094
P01096,1095
P01097,1096
P01098,1097
P01099,1098
P01100,1099
P01101,1100
P01102,1101
P01103,1102
P01104,1103
P01105,1104
P01106,1105
P01107,1106
P01108,1107
P01109,1108
P01110,1109
P01111,1110
P01112,1111
P01113,1112
P01114,1113
P01115,1114
P01116,1115
P01117,1116
P01118,1117
P01119,1118
P01120,1119
P01121,1120
P01122,1121
P01123,1122
P01124,1123
P01125,1124
P01126,1125
P01127,1126
P01128,1127
P01129,1128
P01130,1129
P01131,1130
P01132,1131
P01133,1132
P01134,1133
P01135,1134
P01136,1135
P01137,1136
P01138,1137
P01139,1138
P01140,1139
P01141,1140
P01142,1141
P01143,1142
P01144,1143
P01145,1144
P01146,1145
P01147,1146
P01148,1147
P01149,1148
P01150,1149
P01151,1150
P01152,1151
P01153,1152
P01154,1153
P01155,1154
P01156,1155
P01157,1156
P01158,1157
P01159,1158
P01160,1159
P01161,1160
P01162,1161
P01163,1162
P01164,1163
P01165,1164
P01166,1165
P01167,1166
P01168,1167
P01169,1168
P01170,1169
P01171,1170
P01172,1171
P01173,1172
P01174,1173
P01175,1174
P01176,1175
P01177,1176
P01178,1177
P01179,1178
P01180,1179
P01181,1180
P01182,1181
P01183,1182
P01184,1183
P01185,1184
P01186,1185
P01187,1186
P01188,1187
P01189,1188
P01190,1189
P01191,1190
P01192,1191
P01193,1192
P01194,1193
P01195,1194
P01196,1195
P01197,1196
P01198,1197
P01199,1198
P01200,1199
P01201,1200
P01202,1201
P01203,1202
P01204,1203
P01205,1204
P01206,1205
P01207,1206
P01208,1207
P01209,1208
P01210,1209
P01211,1210
P01212,1211
P01213,1212
P01214,1213
P01215,1214
P01216,1215
P01217,1216
P01218,1217
P01219,1218
P01220,1219
P01221,1220
P01222,1221
P01223,1222
P01224,1223
P01225,1224
P01226,1225
P01227,1226
P01228,1227
P01229,1228
P01230,1229
P01231,1230
P01232,1231
P01233,1232
P01234,1233
P01235,1234
P01236,1235
P01237,1236
P01238,1237
P01239,1238
P01240,1239
P01241,1240
P01242,1241
P01243,1242
P01244,1243
P01245,1244
P01246,1245
P01247,1246
P01248,1247
P01249,1248
P01250,1249
P01251,1250
P01252,1251
P01253,1252
P01254,1253
P01255,1254
P01256,1255
P01257,1256
P01258,1257
P01259,1258
P01260,1259
P01261,1260
P01262,1261
P01263,1262
P01264,1263
P01265,1264
P01266,1265
P01267,1266
P01268,1267
P01269,1268
P01270,1269
P01271,1270
P01272,1271
P01273,1272
P01274,1273
P01275,1274
P01276,1275
P01277,1276
P01278,1277
P01279,1278
P01280,1279
P01281,1280
P01282,1281
P01283,1282
P01284,1283
P01285,1284
P01286,1285
P01287,1286
P01288,1287
P01289,1288
P01290,1289
P01291,1290
P01292,1291
P01293,1292
P01294,1293
P01295,1294
P01296,1295
P01297,1296
P01298,1297
P01299,1298
P01300,1299
P01301,1300
P01302,1301
P01303,1302
P01304,1303
P01305,1304
P01306,1305
P01307,1306
P01308,1307
P01309,1308
P01310,1309
P01311,1310
P01312,1311
P01313,1312
P01314,1313
P01315,1314
P01316,1315
P01317,1316
P01318,1317
P01319,1318
P01320,1319
P01321,1320
P01322,1321
P01323,1322
P01324,1323
P01325,1324
P01326,1325
P01327,1326
P01328,1327
P01329,1328
P01330,1329
P01331,1330
P01332,1331
P01333,1332
P01334,1333
P01335,1334
P01336,1335
P01337,1336
P01338,1337
P01339,1338
P01340,1339
P01341,1340
P01342,1341
P01343,1342
P01344,1343
P01345,1344
P01346,1345
P01347,1346
P01348,1347
P01349,1348
P01350,1349
P01351,1350
P01352,1351
P01353,1352
P01354,1353
P01355,1354
P01356,1355
P01357,1356
P01358,1357
P01359,1358
P01360,1359
P01361,1360
P01362,1361
P01363,1362
P01364,1363
P01365,1364
P01366,1365
P01367,1366
P01368,1367
P01369,1368
P01370,1369
P01371,1370
P01372,1371
P01373,1372
P01374,1373
P01375,1374
P01376,1375
P01377,1376
P01378,1377
P01379,1378
P01380,1379
P01381,1380
P01382,1381
P01383,1382
P01384,1383
P01385,1384
P01386,1385
P01387,1386
P01388,1387
P01389,1388
P01390,1389
P01391,1390
P01392,1391
P01393,1392
P01394,1393
P01395,1394
P01396,1395
P01397,1396
P01398,1397
P01399,1398
P01400,1399
P01401,1400
P01402,1401
P01403,1402
P01404,1403
P01405,1404
P01406,1405
P01407,1406
P01408,1407
P01409,1408
P01410,1409
P01411,1410
P01412,1411
P01413,1412
P01414,1413
P01415,1414
P01416,1415
P01417,1416
P01418,1417
P01419,1418
P01420,1419
P01421,1420
P01422,1421
P01423,1422
P01424,1423
P01425,1424
P01426,1425
P01427,1426
P01428,1427
P01429,1428
P01430,1429
P01431,1430
P01432,1431
P01433,1432
P01434,1433
P01435,1434
P01436,1435
P01437,1436
P01438,1437
P01439,1438
P01440,1439
P01441,1440
P01442,1441
P01443,1442
P01444,1443
P01445,1444
P01446,1445
P01447,1446
P01448,1447
P01449,1448
P01450,1449
P01451,1450
P01452,1451
P01453,1452
P01454,1453
P01455,1454
P01456,1455
P01457,1456
P01458,1457
P01459,1458
P01460,1459
P01461,1460
P01462,1461
P01463,1462
P01464,1463
P01465,1464
P01466,1465
P01467,1466
P01468,1467
P01469,1468
P01470,1469
P01471,1470
P01472,1471
P01473,1472
P01474,1473
P01475,1474
P01476,1475
P01477,1476
P01478,1477
P01479,1478
P01480,1479
P01481,1480
P01482,1481
P01483,1482
P01484,1483
P01485,1484
P01486,1485
P01487,1486
P01488,1487
P01489,1488
P01490,1489
P01491,1490
P01492,1491
P01493,1492
P01494,1493
P01495,1494
P01496,1495
P01497,1496
P01498,1497
P01499,1498
P01500,1499
P01501,1500
P01502,1501
P01503,1502
P01504,1503
P01505,1504
P01506,1505
P01507,1506
P01508,1507
P01509,1508
P01510,1509
P01511,1510
P01512,1511
P01513,1512
P01514,1513
P01515,1514
P01516,1515
P01517,1516
P01518,1517
P01519,1518
P01520,1519
P01521,1520
P01522,1521
P01523,1522
P01524,1523
P01525,1524
P01526,1525
P01527,1526
P01528,1527
P01529,1528
P01530,1529
P01531,1530
P01532,1531
P01533,1532
P01534,1533
P01535,1534
P01536,1535
P01537,1536
P01538,1537
P01539,1538
P01540,1539
P01541,1540
P01542,1541
P01543,1542
P01544,1543
P01545,1544
P01546,1545
P01547,1546
P01548,1547
P01549,1548
P01550,1549
P01551,1550
P01552,1551
P01553,1552
P01554,1553
P01555,1554
P01556,1555
P01557,1556
P01558,1557
P01559,1558
P01560,1559
P01561,1560
P01562,1561
P01563,1562
P01564,1563
P01565,1564
P01566,1565
P01567,1566
P01568,1567
P01569,1568
P01570,1569
P01571,1570
P01572,1571
P01573,1572
P01574,1573
P01575,1574
P01576,1575
P01577,1576
P01578,1577
P01579,1578
P01580,1579
P01581,1580
P01582,1581
P01583,1582
P01584,1583
P01585,1584
P01586,1585
P01587,1586
P01588,1587
P01589,1588
P01590,1589
P01591,1590
P01592,1591
P01593,1592
P01594,1593
P01595,1594
P01596,1595
P01597,1596
P01598,1597
P01599,1598
P01600,1599
P01601,1600
P01602,1601
P01603,1602
P01604,1603
P01605,1604
P01606,1605
P01607,1606
P01608,1607
P01609,1608
P01610,1609
P01611,1610
P01612,1611
P01613,1612
P01614,1613
P01615,1614
P01616,1615
P01617,1616
P01618,1617
P01619,1618
P01620,1619
P01621,1620
P01622,1621
P01623,1622
P01624,1623
P01625,1624
P01626,1625
P01627,1626
P01628,1627
P01629,1628
P01630,1629
P01631,1630
P01632,1631
P01633,1632
P01634,1633
P01635,1634
P01636,1635
P01637,1636
P01638,1637
P01639,1638
P01640,1639
P01641,1640
P01642,1641
P01643,1642
P01644,1643
P01645,1644
P01646,1645
P01647,1646
P01648,1647
P01649,1648
P01650,1649
P01651,1650
P01652,1651
P01653,1652
P01654,1653
P01655,1654
P01656,1655
P01657,1656
P01658,1657
P01659,1658
P01660,1659
P01661,1660
P01662,1661
P01663,1662
P01664,1663
P01665,1664
P01666,1665
P01667,1666
P01668,1667
P01669,1668
P01670,1669
P01671,1670
P01672,1671
P01673,1672
P01674,1673
P01675,1674
P01676,1675
P01677,1676
P01678,1677
P01679,1678
P01680,1679
P01681,1680
P01682,1681
P01683,1682
P01684,1683
P01685,1684
P01686,1685
P01687,1686
P01688,1687
P01689,1688
P01690,1689
P01691,1690
P01692,1691
P01693,1692
P01694,1693
P01695,1694
P01696,1695
P01697,1696
P01698,1697
P01699,1698
P01700,1699
P01701,1700
P01702,1701
P01703,1702
P01704,1703
P01705,1704
P01706,1705
P01707,1706
P01708,1707
P01709,1708
P01710,1709
P01711,1710
P01712,1711
P01713,1712
P01714,1713
P01715,1714
P01716,1715
P01717,1716
P01718,1717
P01719,1718
P01720,1719
P01721,1720
P01722,1721
P01723,1722
P01724,1723
P01725,1724
P01726,1725
P01727,1726
P01728,1727
P01729,1728
P01730,1729
P01731,1730
P01732,1731
P01733,1732
P01734,1733
P01735,1734
P01736,1735
P01737,1736
P01738,1737
P01739,1738
P01740,index
P01741,0
P01742,1
P01743,2
P01744,3
P01745,4
P01746,5
P01747,6
P01748,7
P01749,8
P01750,9
P01751,10
P01752,11
P01753,12
P01754,13
P01755,14
P01756,15
P01757,16
P01758,17
P01759,18
P01760,19
P01761,20
P01762,21
P01763,22
P01764,23
P01765,24
P01766,25
P01767,26
P01768,27
P01769,28
P01770,29
P01771,30
P01772,31
P01773,32
P01774,33
P01775,34
P01776,35
P01777,36
P01778,37
P01779,38
P01780,39
P01781,40
P01782,41
P01783,42
P01784,43
P01785,44
P01786,45
P01787,46
P01788,47
P01789,48
P01790,49
P01791,50
P01792,51
P01793,52
P01794,53
P01795,54
P01796,55
P01797,56
P01798,57
P01799,58
P01800,59
P01801,60
P01802,61
P01803,62
P01804,63
P01805,64
P01806,65
P01807,66
P01808,67
P01809,68
P01810,69
P01811,70
P01812,71
P01813,72
P01814,73
P01815,74
P01816,75
P01817,76
P01818,77
P01819,78
P01820,79
P01821,80
P01822,81
P01823,82
P01824,83
P01825,84
P01826,85
P01827,86
P01828,87
P01829,88
P01830,89
P01831,90
P01832,91
P01833,92
P01834,93
P01835,94
P01836,95
P01837,96
P01838,97
P01839,98
P01840,99
P01841,100
P01842,101
P01843,102
P01844,103
P01845,104
P01846,105
P01847,106
P01848,107
P01849,108
P01850,109
P01851,110
P01852,111
P01853,112
P01854,113
P01855,114
P01856,115
P01857,116
P01858,117
P01859,118
P01860,119
P01861,120
P01862,121
P01863,122
P01864,123
P01865,124
P01866,125
P01867,126
P01868,127
P01869,128
P01870,129
P01871,130
P01872,131
P01873,132
P01874,133
P01875,134
P01876,135
P01877,136
P01878,137
P01879,138
P01880,139
P01881,140
P01882,141
P01883,142
P01884,143
P01885,144
P01886,145
P01887,146
P01888,147
P01889,148
P01890,149
P01891,150
P01892,151
P01893,152
P01894,153
P01895,154
P01896,155
P01897,156
P01898,157
P01899,158
P01900,159
P01901,160
P01902,161
P01903,162
P01904,163
P01905,164
P01906,165
P01907,166
P01908,167
P01909,168
P01910,169
P01911,170
P01912,171
P01913,172
P01914,173
P01915,174
P01916,175
P01917,176
P01918,177
P01919,178
P01920,179
P01921,180
P01922,181
P01923,182
P01924,183
P01925,184
P01926,185
P01927,186
P01928,187
P01929,188
P01930,189
P01931,190
P01932,191
P01933,192
P01934,193
P01935,194
P01936,195
P01937,196
P01938,197
P01939,198
P01940,199
P01941,200
P01942,201
P01943,202
P01944,203
P01945,204
P01946,205
P01947,206
P01948,207
P01949,208
P01950,209
P01951,210
P01952,211
P01953,212
P01954,213
P01955,214
P01956,215
P01957,216
P01958,217
P01959,218
P01960,219
P01961,220
P01962,221
P01963,222
P01964,223
P01965,224
P01966,225
P01967,226
P01968,227
P01969,228
P01970,229
P01971,230
P01972,231
P01973,232
P01974,233
P01975,234
P01976,235
P01977,236
P01978,237
P01979,238
P01980,239
P01981,240
P01982,241
P01983,242
P01984,243
P01985,244
P01986,245
P01987,246
P01988,247
P01989,248
P01990,249
P01991,250
P01992,251
P01993,252
P01994,253
P01995,254
P01996,255
P01997,256
P01998,257
P01999,258
P02000,259
P02001,260
P02002,261
P02003,262
P02004,263
P02005,264
P02006,265
P02007,266
P02008,267
P02009,268
P02010,269
P02011,270
P02012,271
P02013,272
P02014,273
P02015,274
P02016,275
P02017,276
P02018,277
P02019,278
P02020,279
P02021,280
P02022,281
P02023,282
P02024,283
P02025,284
P02026,285
P02027,286
P02028,287
P02029,288
P02030,289
P02031,290
P02032,291
P02033,292
P02034,293
P02035,294
P02036,295
P02037,296
P02038,297
P02039,298
P02040,299
P02041,300
P02042,301
P02043,302
P02044,303
P02045,304
P02046,305
P02047,306
P02048,307
P02049,308
P02050,309
P02051,310
P02052,311
P02053,312
P02054,313
P02055,314
P02056,315
P02057,316
P02058,317
P02059,318
P02060,319
P02061,320
P02062,321
P02063,322
P02064,323
P02065,324
P02066,325
P02067,326
P02068,327
P02069,328
P02070,329
P02071,330
P02072,331
P02073,332
P02074,333
P02075,334
P02076,335
P02077,336
P02078,337
P02079,338
P02080,339
P02081,340
P02082,341
P02083,342
P02084,343
P02085,344
P02086,345
P02087,346
P02088,347
P02089,348
P02090,349
P02091,350
P02092,351
P02093,352
P02094,353
P02095,354
P02096,355
P02097,356
P02098,357
P02099,358
P02100,359
P02101,360
P02102,361
P02103,362
P02104,363
P02105,364
P02106,365
P02107,366
P02108,367
P02109,368
P02110,369
P02111,370
P02112,371
P02113,372
P02114,373
P02115,374
P02116,375
P02117,376
P02118,377
P02119,378
P02120,379
P02121,380
P02122,381
P02123,382
P02124,383
P02125,384
P02126,385
P02127,386
P02128,387
P02129,388
P02130,389
P02131,390
P02132,391
P02133,392
P02134,393
P02135,394
P02136,395
P02137,396
P02138,397
P02139,398
P02140,399
P02141,400
P02142,401
P02143,402
P02144,403
P02145,404
P02146,405
P02147,406
P02148,407
P02149,408
P02150,409
P02151,410
P02152,411
P02153,412
P02154,413
P02155,414
P02156,415
P02157,416
P02158,417
P02159,418
P02160,419
P02161,420
P02162,421
P02163,422
P02164,423
P02165,424
P02166,425
P02167,426
P02168,427
P02169,428
P02170,429
P02171,430
P02172,431
P02173,432
P02174,433
P02175,434
P02176,435
P02177,436
P02178,437
P02179,438
P02180,439
P02181,440
P02182,441
P02183,442
P02184,443
P02185,444
P02186,445
P02187,446
P02188,447
P02189,448
P02190,449
P02191,450
P02192,451
P02193,452
P02194,453
P02195,454
P02196,455
P02197,456
P02198,457
P02199,458
P02200,459
P02201,460
P02202,461
P02203,462
P02204,463
P02205,464
P02206,465
P02207,466
P02208,467
P02209,468
P02210,469
P02211,470
P02212,471
P02213,472
P02214,473
P02215,474
P02216,475
P02217,476
P02218,477
P02219,478
P02220,479
P02221,480
P02222,481
P02223,482
P02224,483
P02225,484
P02226,485
P02227,486
P02228,487
P02229,488
P02230,489
P02231,490
P02232,491
P02233,492
P02234,493
P02235,494
P02236,495
P02237,496
P02238,497
P02239,498
P02240,499
P02241,500
P02242,501
P02243,502
P02244,503
P02245,504
P02246,505
P02247,506
P02248,507
P02249,508
P02250,index
P02251,0
P02252,1
P02253,2
P02254,3
P02255,4
P02256,5
P02257,6
P02258,7
P02259,8
P02260,9
P02261,10
P02262,11
P02263,12
P02264,13
P02265,14
P02266,15
P02267,16
P02268,17
P02269,18
P02270,19
P02271,20
P02272,21
P02273,22
P02274,23
P02275,24
P02276,25
P02277,26
P02278,27
P02279,28
P02280,29
P02281,30
P02282,31
P02283,32
P02284,33
P02285,34
P02286,35
P02287,36
P02288,37
P02289,38
P02290,39
P02291,40
P02292,41
P02293,42
P02294,43
P02295,44
P02296,45
P02297,46
P02298,47
P02299,48
P02300,49
P02301,50
P02302,51
P02303,52
P02304,53
P02305,54
P02306,55
P02307,56
P02308,57
P02309,58
P02310,59
P02311,60
P02312,61
P02313,62
P02314,63
P02315,64
P02316,65
P02317,66
P02318,67
P02319,68
P02320,69
P02321,70
P02322,71
P02323,72
P02324,73
P02325,74
P02326,75
P02327,76
P02328,77
P02329,78
P02330,79
P02331,80
P02332,81
P02333,82
P02334,83
P02335,84
P02336,85
P02337,86
P02338,87
P02339,88
P02340,89
P02341,90
P02342,91
P02343,92
P02344,93
P02345,94
P02346,95
P02347,96
P02348,97
P02349,98
P02350,99
P02351,100
P02352,101
P02353,102
P02354,103
P02355,104
P02356,105
P02357,106
P02358,107
P02359,108
P02360,109
P02361,110
P02362,111
P02363,112
P02364,113
P02365,114
P02366,115
P02367,116
P02368,117
P02369,118
P02370,119
P02371,120
P02372,121
P02373,122
P02374,123
P02375,124
P02376,125
P02377,126
P02378,127
P02379,128
P02380,129
P02381,130
P02382,131
P02383,132
P02384,133
P02385,134
P02386,135
P02387,136
P02388,137
P02389,138
P02390,139
P02391,140
P02392,141
P02393,142
P02394,143
P02395,144
P02396,145
P02397,146
P02398,147
P02399,148
P02400,149
P02401,150
P02402,151
P02403,152
P02404,153
P02405,154
P02406,155
P02407,156
P02408,157
P02409,158
P02410,159
P02411,160
P02412,161
P02413,162
P02414,163
P02415,164
P02416,165
P02417,166
P02418,167
P02419,168
P02420,169
P02421,170
P02422,171
P02423,172
P02424,173
P02425,174
P02426,175
P02427,176
P02428,177
P02429,178
P02430,179
P02431,180
P02432,181
P02433,182
P02434,183
P02435,184
P02436,185
P02437,186
P02438,187
P02439,188
P02440,189
P02441,190
P02442,191
P02443,192
P02444,193
P02445,194
P02446,195
P02447,196
P02448,197
P02449,198
P02450,199
P02451,200
P02452,201
P02453,202
P02454,203
P02455,204
P02456,205
P02457,206
P02458,207
P02459,208
P02460,209
P02461,210
P02462,211
P02463,212
P02464,213
P02465,214
P02466,215
P02467,216
P02468,217
P02469,218
P02470,219
P02471,220
P02472,221
P02473,222
P02474,223
P02475,224
P02476,225
P02477,226
P02478,227
P02479,228
P02480,229
P02481,230
P02482,231
P02483,232
P02484,233
P02485,234
P02486,235
P02487,236
P02488,237
P02489,238
P02490,239
P02491,240
P02492,241
P02493,242
P02494,243
P02495,244
P02496,245
P02497,246
P02498,247
P02499,248
P02500,249
P02501,250
P02502,251
P02503,252
P02504,253
P02505,254
P02506,255
P02507,256
P02508,257
P02509,258
P02510,259
P02511,260
P02512,261
P02513,262
P02514,263
P02515,264
P02516,265
P02517,266
P02518,267
P02519,268
P02520,269
P02521,270
P02522,271
P02523,272
P02524,273
P02525,274
P02526,275
P02527,276
P02528,277
P02529,278
P02530,279
P02531,280
P02532,281
P02533,282
P02534,283
P02535,284
P02536,285
P02537,286
P02538,287
P02539,288
P02540,289
P02541,290
P02542,291
P02543,292
P02544,293
P02545,294
P02546,295
P02547,296
P02548,297
P02549,298
P02550,299
P02551,300
P02552,301
P02553,302
P02554,303
P02555,304
P02556,305
P02557,306
P02558,307
P02559,308
P02560,309
P02561,310
P02562,311
P02563,312
P02564,313
P02565,314
P02566,315
P02567,316
P02568,317
P02569,318
P02570,319
P02571,320
P02572,321
P02573,322
P02574,323
P02575,324
P02576,325
P02577,326
P02578,327
P02579,328
P02580,329
P02581,330
P02582,331
P02583,332
P02584,333
P02585,334
P02586,335
P02587,336
P02588,337
P02589,338
P02590,339
P02591,340
P02592,341
P02593,342
P02594,343
P02595,344
P02596,345
P02597,346
P02598,347
P02599,348
P02600,349
P02601,350
P02602,351
P02603,352
P02604,353
P02605,354
P02606,355
P02607,356
P02608,357
P02609,358
P02610,359
P02611,360
P02612,361
P02613,362
P02614,363
P02615,364
P02616,365
P02617,366
P02618,367
P02619,368
P02620,369
P02621,370
P02622,371
P02623,372
P02624,373
P02625,374
P02626,375
P02627,376
P02628,377
P02629,378
P02630,379
P02631,380
P02632,381
P02633,382
P02634,383
P02635,384
P02636,385
P02637,386
P02638,387
P02639,388
P02640,389
P02641,390
P02642,391
P02643,392
P02644,393
P02645,394
P02646,395
P02647,396
P02648,397
P02649,398
P02650,399
P02651,400
P02652,401
P02653,402
P02654,403
P02655,404
P02656,405
P02657,406
P02658,407
P02659,408
P02660,409
P02661,410
P02662,411
P02663,412
P02664,413
P02665,414
P02666,415
P02667,416
P02668,417
P02669,418
P02670,419
P02671,420
P02672,421
P02673,422
P02674,423
P02675,424
P02676,425
P02677,426
P02678,427
P02679,428
P02680,429
P02681,430
P02682,431
P02683,432
P02684,433
P02685,434
P02686,435
P02687,436
P02688,437
P02689,438
P02690,439
P02691,440
P02692,441
P02693,442
P02694,443
P02695,444
P02696,445
P02697,446
P02698,447
P02699,448
P02700,449
P02701,450
P02702,451
P02703,452
P02704,453
P02705,454
P02706,455
P02707,456
P02708,457
P02709,458
P02710,459
P02711,460
P02712,461
P02713,462
P02714,463
P02715,464
P02716,465
P02717,466
P02718,467
P02719,468
P02720,469
P02721,470
P02722,471
P02723,472
P02724,473
P02725,474
P02726,475
P02727,476
P02728,477
P02729,478
P02730,479
P02731,480
P02732,481
P02733,482
P02734,483
P02735,484
P02736,485
P02737,486
P02738,487
P02739,488
P02740,489
P02741,490
P02742,491
P02743,492
P02744,493
P02745,494
P02746,495
P02747,496
P02748,497
P02749,498
P02750,499
P02751,500
P02752,501
P02753,502
P02754,503
P02755,504
P02756,505
P02757,506
P02758,507
