drug_id,smiles
D00000,index
D00001,0
D00002,1
D00003,2
D00004,3
D00005,4
D00006,5
D00007,6
D00008,7
D00009,8
D00010,9
D00011,10
D00012,11
D00013,12
D00014,13
D00015,14
D00016,15
D00017,16
D00018,17
D00019,18
D00020,19
D00021,20
D00022,21
D00023,22
D00024,23
D00025,24
D00026,25
D00027,26
D00028,27
D00029,28
D00030,29
D00031,30
D00032,31
D00033,32
D00034,33
D00035,34
D00036,35
D00037,36
D00038,37
D00039,38
D00040,39
D00041,40
D00042,41
D00043,42
D00044,43
D00045,44
D00046,45
D00047,46
D00048,47
D00049,48
D00050,49
D00051,50
D00052,51
D00053,52
D00054,53
D00055,54
D00056,55
D00057,56
D00058,57
D00059,58
D00060,59
D00061,60
D00062,61
D00063,62
D00064,63
D00065,64
D00066,65
D00067,66
D00068,67
D00069,68
D00070,69
D00071,70
D00072,71
D00073,72
D00074,73
D00075,74
D00076,75
D00077,76
D00078,77
D00079,78
D00080,79
D00081,80
D00082,81
D00083,82
D00084,83
D00085,84
D00086,85
D00087,86
D00088,87
D00089,88
D00090,89
D00091,90
D00092,91
D00093,92
D00094,93
D00095,94
D00096,95
D00097,96
D00098,97
D00099,98
D00100,99
D00101,100
D00102,101
D00103,102
D00104,103
D00105,104
D00106,105
D00107,106
D00108,107
D00109,108
D00110,109
D00111,110
D00112,111
D00113,112
D00114,113
D00115,114
D00116,115
D00117,116
D00118,117
D00119,118
D00120,119
D00121,120
D00122,121
D00123,122
D00124,123
D00125,124
D00126,125
D00127,126
D00128,127
D00129,128
D00130,129
D00131,130
D00132,131
D00133,132
D00134,133
D00135,134
D00136,135
D00137,136
D00138,137
D00139,138
D00140,139
D00141,140
D00142,141
D00143,142
D00144,143
D00145,144
D00146,145
D00147,146
D00148,147
D00149,148
D00150,149
D00151,150
D00152,151
D00153,152
D00154,153
D00155,154
D00156,155
D00157,156
D00158,157
D00159,158
D00160,159
D00161,160
D00162,161
D00163,162
D00164,163
D00165,164
D00166,165
D00167,166
D00168,167
D00169,168
D00170,169
D00171,170
D00172,171
D00173,172
D00174,173
D00175,174
D00176,175
D00177,176
D00178,177
D00179,178
D00180,179
D00181,180
D00182,181
D00183,182
D00184,183
D00185,184
D00186,185
D00187,186
D00188,187
D00189,188
D00190,189
D00191,190
D00192,191
D00193,192
D00194,193
D00195,194
D00196,195
D00197,196
D00198,197
D00199,198
D00200,199
D00201,200
D00202,201
D00203,202
D00204,203
D00205,204
D00206,205
D00207,206
D00208,207
D00209,208
D00210,209
D00211,210
D00212,211
D00213,212
D00214,213
D00215,214
D00216,215
D00217,216
D00218,217
D00219,218
D00220,219
D00221,220
D00222,221
D00223,222
D00224,223
D00225,224
D00226,225
D00227,226
D00228,227
D00229,228
D00230,229
D00231,230
D00232,231
D00233,232
D00234,233
D00235,234
D00236,235
D00237,236
D00238,237
D00239,238
D00240,239
D00241,240
D00242,241
D00243,242
D00244,243
D00245,244
D00246,245
D00247,246
D00248,247
D00249,248
D00250,249
D00251,250
D00252,251
D00253,252
D00254,253
D00255,254
D00256,255
D00257,256
D00258,257
D00259,258
D00260,259
D00261,260
D00262,261
D00263,262
D00264,263
D00265,264
D00266,265
D00267,266
D00268,267
D00269,268
D00270,269
D00271,270
D00272,271
D00273,272
D00274,273
D00275,274
D00276,275
D00277,276
D00278,277
D00279,278
D00280,279
D00281,280
D00282,281
D00283,282
D00284,283
D00285,284
D00286,285
D00287,286
D00288,287
D00289,288
D00290,289
D00291,290
D00292,291
D00293,292
D00294,293
D00295,294
D00296,295
D00297,296
D00298,297
D00299,298
D00300,299
D00301,300
D00302,301
D00303,302
D00304,303
D00305,304
D00306,305
D00307,306
D00308,307
D00309,308
D00310,309
D00311,310
D00312,311
D00313,312
D00314,313
D00315,314
D00316,315
D00317,316
D00318,317
D00319,318
D00320,319
D00321,320
D00322,321
D00323,322
D00324,323
D00325,324
D00326,325
D00327,326
D00328,327
D00329,328
D00330,329
D00331,330
D00332,331
D00333,332
D00334,333
D00335,334
D00336,335
D00337,336
D00338,337
D00339,338
D00340,339
D00341,340
D00342,341
D00343,342
D00344,343
D00345,344
D00346,345
D00347,346
D00348,347
D00349,348
D00350,349
D00351,350
D00352,351
D00353,352
D00354,353
D00355,354
D00356,355
D00357,356
D00358,357
D00359,358
D00360,359
D00361,360
D00362,361
D00363,362
D00364,363
D00365,364
D00366,365
D00367,366
D00368,367
D00369,368
D00370,369
D00371,370
D00372,371
D00373,372
D00374,373
D00375,374
D00376,375
D00377,376
D00378,377
D00379,378
D00380,379
D00381,380
D00382,381
D00383,382
D00384,383
D00385,384
D00386,385
D00387,386
D00388,387
D00389,388
D00390,389
D00391,390
D00392,391
D00393,392
D00394,393
D00395,394
D00396,395
D00397,396
D00398,397
D00399,398
D00400,399
D00401,400
D00402,401
D00403,402
D00404,403
D00405,404
D00406,405
D00407,406
D00408,407
D00409,408
D00410,409
D00411,410
D00412,411
D00413,412
D00414,413
D00415,414
D00416,415
D00417,416
D00418,417
D00419,418
D00420,419
D00421,420
D00422,421
D00423,422
D00424,423
D00425,424
D00426,425
D00427,426
D00428,427
D00429,428
D00430,429
D00431,430
D00432,431
D00433,432
D00434,433
D00435,434
D00436,435
D00437,436
D00438,437
D00439,438
D00440,439
D00441,440
D00442,441
D00443,442
D00444,443
D00445,444
D00446,445
D00447,446
D00448,447
D00449,448
D00450,449
D00451,450
D00452,451
D00453,452
D00454,453
D00455,454
D00456,455
D00457,456
D00458,457
D00459,458
D00460,459
D00461,460
D00462,461
D00463,462
D00464,463
D00465,464
D00466,465
D00467,466
D00468,467
D00469,468
D00470,469
D00471,470
D00472,471
D00473,472
D00474,473
D00475,474
D00476,475
D00477,476
D00478,477
D00479,478
D00480,479
D00481,480
D00482,481
D00483,482
D00484,483
D00485,484
D00486,485
D00487,486
D00488,487
D00489,488
D00490,489
D00491,490
D00492,491
D00493,492
D00494,493
D00495,494
D00496,495
D00497,496
D00498,497
D00499,498
D00500,499
D00501,500
D00502,501
D00503,502
D00504,503
D00505,504
D00506,505
D00507,506
D00508,507
D00509,508
D00510,509
D00511,510
D00512,511
D00513,512
D00514,513
D00515,514
D00516,515
D00517,516
D00518,517
D00519,518
D00520,519
D00521,520
D00522,521
D00523,522
D00524,523
D00525,524
D00526,525
D00527,526
D00528,527
D00529,528
D00530,529
D00531,530
D00532,531
D00533,532
D00534,533
D00535,534
D00536,535
D00537,536
D00538,537
D00539,538
D00540,539
D00541,540
D00542,541
D00543,542
D00544,543
D00545,544
D00546,545
D00547,546
D00548,547
D00549,548
D00550,549
D00551,550
D00552,551
D00553,552
D00554,553
D00555,554
D00556,555
D00557,556
D00558,557
D00559,558
D00560,559
D00561,560
D00562,561
D00563,562
D00564,563
D00565,564
D00566,565
D00567,566
D00568,567
D00569,568
D00570,569
D00571,570
D00572,571
D00573,572
D00574,573
D00575,574
D00576,575
D00577,576
D00578,577
D00579,578
D00580,579
D00581,580
D00582,581
D00583,582
D00584,583
D00585,584
D00586,585
D00587,586
D00588,587
D00589,588
D00590,589
D00591,590
D00592,591
D00593,592
D00594,593
D00595,594
D00596,595
D00597,596
D00598,597
D00599,598
D00600,599
D00601,600
D00602,601
D00603,602
D00604,603
D00605,604
D00606,605
D00607,606
D00608,607
D00609,608
D00610,609
D00611,610
D00612,611
D00613,612
D00614,613
D00615,614
D00616,615
D00617,616
D00618,617
D00619,618
D00620,619
D00621,620
D00622,621
D00623,622
D00624,623
D00625,624
D00626,625
D00627,626
D00628,627
D00629,628
D00630,629
D00631,630
D00632,631
D00633,632
D00634,633
D00635,634
D00636,635
D00637,636
D00638,637
D00639,638
D00640,639
D00641,640
D00642,641
D00643,642
D00644,643
D00645,644
D00646,645
D00647,646
D00648,647
D00649,648
D00650,649
D00651,650
D00652,651
D00653,652
D00654,653
D00655,654
D00656,655
D00657,656
D00658,657
D00659,658
D00660,659
D00661,660
D00662,661
D00663,662
D00664,663
D00665,664
D00666,665
D00667,666
D00668,667
D00669,668
D00670,669
D00671,670
D00672,671
D00673,672
D00674,673
D00675,674
D00676,675
D00677,676
D00678,677
D00679,678
D00680,679
D00681,680
D00682,681
D00683,682
D00684,683
D00685,684
D00686,685
D00687,686
D00688,687
D00689,688
D00690,689
D00691,690
D00692,691
D00693,692
D00694,693
D00695,694
D00696,695
D00697,696
D00698,697
D00699,698
D00700,699
D00701,700
D00702,701
D00703,702
D00704,703
D00705,704
D00706,705
D00707,706
D00708,707
D00709,708
D00710,709
D00711,710
D00712,711
D00713,712
D00714,713
D00715,714
D00716,715
D00717,716
D00718,717
D00719,718
D00720,719
D00721,720
D00722,721
D00723,722
D00724,723
D00725,724
D00726,725
D00727,726
D00728,727
D00729,728
D00730,729
D00731,730
D00732,731
D00733,732
D00734,733
D00735,734
D00736,735
D00737,736
D00738,737
D00739,738
D00740,739
D00741,740
D00742,741
D00743,742
D00744,743
D00745,744
D00746,745
D00747,746
D00748,747
D00749,748
D00750,749
D00751,750
D00752,751
D00753,752
D00754,753
D00755,754
D00756,755
D00757,756
D00758,757
D00759,758
D00760,759
D00761,760
D00762,761
D00763,762
D00764,763
D00765,764
D00766,765
D00767,766
D00768,767
D00769,768
D00770,769
D00771,770
D00772,771
D00773,772
D00774,773
D00775,774
D00776,775
D00777,776
D00778,777
D00779,778
D00780,779
D00781,780
D00782,781
D00783,782
D00784,783
D00785,784
D00786,785
D00787,786
D00788,787
D00789,788
D00790,789
D00791,790
D00792,791
D00793,792
D00794,793
D00795,794
D00796,795
D00797,796
D00798,797
D00799,798
D00800,799
D00801,800
D00802,801
D00803,802
D00804,803
D00805,804
D00806,805
D00807,806
D00808,807
D00809,808
D00810,809
D00811,810
D00812,811
D00813,812
D00814,813
D00815,814
D00816,815
D00817,816
D00818,817
D00819,818
D00820,819
D00821,820
D00822,821
D00823,822
D00824,823
D00825,824
D00826,825
D00827,826
D00828,827
D00829,828
D00830,829
D00831,830
D00832,831
D00833,832
D00834,833
D00835,834
D00836,835
D00837,836
D00838,837
D00839,838
D00840,839
D00841,840
D00842,841
D00843,842
D00844,843
D00845,844
D00846,845
D00847,846
D00848,847
D00849,848
D00850,849
D00851,850
D00852,851
D00853,852
D00854,853
D00855,854
D00856,855
D00857,856
D00858,857
D00859,858
D00860,859
D00861,860
D00862,861
D00863,862
D00864,863
D00865,864
D00866,865
D00867,866
D00868,867
D00869,868
D00870,869
D00871,870
D00872,871
D00873,872
D00874,873
D00875,874
D00876,875
D00877,876
D00878,877
D00879,878
D00880,879
D00881,880
D00882,881
D00883,882
D00884,883
D00885,884
D00886,885
D00887,886
D00888,887
D00889,888
D00890,889
D00891,890
D00892,891
D00893,892
D00894,893
D00895,894
D00896,895
D00897,896
D00898,897
D00899,898
D00900,899
D00901,900
D00902,901
D00903,902
D00904,903
D00905,904
D00906,905
D00907,906
D00908,907
D00909,908
D00910,909
D00911,910
D00912,911
D00913,912
D00914,913
D00915,914
D00916,915
D00917,916
D00918,917
D00919,918
D00920,919
D00921,920
D00922,921
D00923,922
D00924,923
D00925,924
D00926,925
D00927,926
D00928,927
D00929,928
D00930,929
D00931,930
D00932,931
D00933,932
D00934,933
D00935,934
D00936,935
D00937,936
D00938,937
D00939,938
D00940,939
D00941,940
D00942,941
D00943,942
D00944,943
D00945,944
D00946,945
D00947,946
D00948,947
D00949,948
D00950,949
D00951,950
D00952,951
D00953,952
D00954,953
D00955,954
D00956,955
D00957,956
D00958,957
D00959,958
D00960,959
D00961,960
D00962,961
D00963,962
D00964,963
D00965,964
D00966,965
D00967,966
D00968,967
D00969,968
D00970,969
D00971,970
D00972,971
D00973,972
D00974,973
D00975,974
D00976,975
D00977,976
D00978,977
D00979,978
D00980,979
D00981,980
D00982,981
D00983,982
D00984,983
D00985,984
D00986,985
D00987,986
D00988,987
D00989,988
D00990,989
D00991,990
D00992,991
D00993,992
D00994,993
D00995,994
D00996,995
D00997,996
D00998,997
D00999,998
D01000,999
D01001,1000
D01002,1001
D01003,1002
D01004,1003
D01005,1004
D01006,1005
D01007,1006
D01008,1007
D01009,1008
D01010,1009
D01011,1010
D01012,1011
D01013,1012
D01014,1013
D01015,1014
D01016,1015
D01017,1016
D01018,1017
D01019,1018
D01020,1019
D01021,1020
D01022,1021
D01023,1022
D01024,1023
D01025,1024
D01026,1025
D01027,1026
D01028,1027
D01029,1028
D01030,1029
D01031,1030
D01032,1031
D01033,1032
D01034,1033
D01035,1034
D01036,1035
D01037,1036
D01038,1037
D01039,1038
D01040,1039
D01041,1040
D01042,1041
D01043,1042
D01044,1043
D01045,1044
D01046,1045
D01047,1046
D01048,1047
D01049,1048
D01050,1049
D01051,1050
D01052,1051
D01053,1052
D01054,1053
D01055,1054
D01056,1055
D01057,1056
D01058,1057
D01059,1058
D01060,1059
D01061,1060
D01062,1061
D01063,1062
D01064,1063
D01065,1064
D01066,1065
D01067,1066
D01068,1067
D01069,1068
D01070,1069
D01071,1070
D01072,1071
D01073,1072
D01074,1073
D01075,1074
D01076,1075
D01077,1076
D01078,1077
D01079,1078
D01080,1079
D01081,1080
D01082,1081
D01083,1082
D01084,1083
D01085,1084
D01086,1085
D01087,1086
D01088,1087
D01089,1088
D01090,1089
D01091,1090
D01092,1091
D01093,1092
D01094,1093
D01095,1094
D01096,1095
D01097,1096
D01098,1097
D01099,1098
D01100,1099
D01101,1100
D01102,1101
D01103,1102
D01104,1103
D01105,1104
D01106,1105
D01107,1106
D01108,1107
D01109,1108
D01110,1109
D01111,1110
D01112,1111
D01113,1112
D01114,1113
D01115,1114
D01116,1115
D01117,1116
D01118,1117
D01119,1118
D01120,1119
D01121,1120
D01122,1121
D01123,1122
D01124,1123
D01125,1124
D01126,1125
D01127,1126
D01128,1127
D01129,1128
D01130,1129
D01131,1130
D01132,1131
D01133,1132
D01134,1133
D01135,1134
D01136,1135
D01137,1136
D01138,1137
D01139,1138
D01140,1139
D01141,1140
D01142,1141
D01143,1142
D01144,1143
D01145,1144
D01146,1145
D01147,1146
D01148,1147
D01149,1148
D01150,1149
D01151,1150
D01152,1151
D01153,1152
D01154,1153
D01155,1154
D01156,1155
D01157,1156
D01158,1157
D01159,1158
D01160,1159
D01161,1160
D01162,1161
D01163,1162
D01164,1163
D01165,1164
D01166,1165
D01167,1166
D01168,1167
D01169,1168
D01170,1169
D01171,1170
D01172,1171
D01173,1172
D01174,1173
D01175,1174
D01176,1175
D01177,1176
D01178,1177
D01179,1178
D01180,1179
D01181,1180
D01182,1181
D01183,1182
D01184,1183
D01185,1184
D01186,1185
D01187,1186
D01188,1187
D01189,1188
D01190,1189
D01191,1190
D01192,1191
D01193,1192
D01194,1193
D01195,1194
D01196,1195
D01197,1196
D01198,1197
D01199,1198
D01200,1199
D01201,1200
D01202,1201
D01203,1202
D01204,1203
D01205,1204
D01206,1205
D01207,1206
D01208,1207
D01209,1208
D01210,1209
D01211,1210
D01212,1211
D01213,1212
D01214,1213
D01215,1214
D01216,1215
D01217,1216
D01218,1217
D01219,1218
D01220,1219
D01221,1220
D01222,1221
D01223,1222
D01224,1223
D01225,1224
D01226,1225
D01227,1226
D01228,1227
D01229,1228
D01230,1229
D01231,1230
D01232,1231
D01233,1232
D01234,1233
D01235,1234
D01236,1235
D01237,1236
D01238,1237
D01239,1238
D01240,1239
D01241,1240
D01242,1241
D01243,1242
D01244,1243
D01245,1244
D01246,1245
D01247,1246
D01248,1247
D01249,1248
D01250,1249
D01251,1250
D01252,1251
D01253,1252
D01254,1253
D01255,1254
D01256,1255
D01257,1256
D01258,1257
D01259,1258
D01260,1259
D01261,1260
D01262,1261
D01263,1262
D01264,1263
D01265,1264
D01266,1265
D01267,1266
D01268,1267
D01269,1268
D01270,1269
D01271,1270
D01272,1271
D01273,1272
D01274,1273
D01275,1274
D01276,1275
D01277,1276
D01278,1277
D01279,1278
D01280,1279
D01281,1280
D01282,1281
D01283,1282
D01284,1283
D01285,1284
D01286,1285
D01287,1286
D01288,1287
D01289,1288
D01290,1289
D01291,1290
D01292,1291
D01293,1292
D01294,1293
D01295,1294
D01296,1295
D01297,1296
D01298,1297
D01299,1298
D01300,1299
D01301,1300
D01302,1301
D01303,1302
D01304,1303
D01305,1304
D01306,1305
D01307,1306
D01308,1307
D01309,1308
D01310,1309
D01311,1310
D01312,1311
D01313,1312
D01314,1313
D01315,1314
D01316,1315
D01317,1316
D01318,1317
D01319,1318
D01320,1319
D01321,1320
D01322,1321
D01323,1322
D01324,1323
D01325,1324
D01326,1325
D01327,1326
D01328,1327
D01329,1328
D01330,1329
D01331,1330
D01332,1331
D01333,1332
D01334,1333
D01335,1334
D01336,1335
D01337,1336
D01338,1337
D01339,1338
D01340,1339
D01341,1340
D01342,1341
D01343,1342
D01344,1343
D01345,1344
D01346,1345
D01347,1346
D01348,1347
D01349,1348
D01350,1349
D01351,1350
D01352,1351
D01353,1352
D01354,1353
D01355,1354
D01356,1355
D01357,1356
D01358,1357
D01359,1358
D01360,1359
D01361,1360
D01362,1361
D01363,1362
D01364,1363
D01365,1364
D01366,1365
D01367,1366
D01368,1367
D01369,1368
D01370,1369
D01371,1370
D01372,1371
D01373,1372
D01374,1373
D01375,1374
D01376,1375
D01377,1376
D01378,1377
D01379,1378
D01380,1379
D01381,1380
D01382,1381
D01383,1382
D01384,1383
D01385,1384
D01386,1385
D01387,1386
D01388,1387
D01389,1388
D01390,1389
D01391,1390
D01392,1391
D01393,1392
D01394,1393
D01395,1394
D01396,1395
D01397,1396
D01398,1397
D01399,1398
D01400,1399
D01401,1400
D01402,1401
D01403,1402
D01404,1403
D01405,1404
D01406,1405
D01407,1406
D01408,1407
D01409,1408
D01410,1409
D01411,1410
D01412,1411
D01413,1412
D01414,1413
D01415,1414
D01416,1415
D01417,1416
D01418,1417
D01419,1418
D01420,1419
D01421,1420
D01422,1421
D01423,1422
D01424,1423
D01425,1424
D01426,1425
D01427,1426
D01428,1427
D01429,1428
D01430,1429
D01431,1430
D01432,1431
D01433,1432
D01434,1433
D01435,1434
D01436,1435
D01437,1436
D01438,1437
D01439,1438
D01440,1439
D01441,1440
D01442,1441
D01443,1442
D01444,1443
D01445,1444
D01446,1445
D01447,1446
D01448,1447
D01449,1448
D01450,1449
D01451,1450
D01452,1451
D01453,1452
D01454,1453
D01455,1454
D01456,1455
D01457,1456
D01458,1457
D01459,1458
D01460,1459
D01461,1460
D01462,1461
D01463,1462
D01464,1463
D01465,1464
D01466,1465
D01467,1466
D01468,1467
D01469,1468
D01470,1469
D01471,1470
D01472,1471
D01473,1472
D01474,1473
D01475,1474
D01476,1475
D01477,1476
D01478,1477
D01479,1478
D01480,1479
D01481,1480
D01482,1481
D01483,1482
D01484,1483
D01485,1484
D01486,1485
D01487,1486
D01488,1487
D01489,1488
D01490,1489
D01491,1490
D01492,1491
D01493,1492
D01494,1493
D01495,1494
D01496,1495
D01497,1496
D01498,1497
D01499,1498
D01500,1499
D01501,1500
D01502,1501
D01503,1502
D01504,1503
D01505,1504
D01506,1505
D01507,1506
D01508,1507
D01509,1508
D01510,1509
D01511,1510
D01512,1511
D01513,1512
D01514,1513
D01515,1514
D01516,1515
D01517,1516
D01518,1517
D01519,1518
D01520,1519
D01521,1520
D01522,1521
D01523,1522
D01524,1523
D01525,1524
D01526,1525
D01527,1526
D01528,1527
D01529,1528
D01530,1529
D01531,1530
D01532,1531
D01533,1532
D01534,1533
D01535,1534
D01536,1535
D01537,1536
D01538,1537
D01539,1538
D01540,1539
D01541,1540
D01542,1541
D01543,1542
D01544,1543
D01545,1544
D01546,1545
D01547,1546
D01548,1547
D01549,1548
D01550,1549
D01551,1550
D01552,1551
D01553,1552
D01554,1553
D01555,1554
D01556,1555
D01557,1556
D01558,1557
D01559,1558
D01560,1559
D01561,1560
D01562,1561
D01563,1562
D01564,1563
D01565,1564
D01566,1565
D01567,1566
D01568,1567
D01569,1568
D01570,1569
D01571,1570
D01572,1571
D01573,1572
D01574,1573
D01575,1574
D01576,1575
D01577,1576
D01578,1577
D01579,1578
D01580,1579
D01581,1580
D01582,1581
D01583,1582
D01584,1583
D01585,1584
D01586,1585
D01587,1586
D01588,1587
D01589,1588
D01590,1589
D01591,1590
D01592,1591
D01593,1592
D01594,1593
D01595,1594
D01596,1595
D01597,1596
D01598,1597
D01599,1598
D01600,1599
D01601,1600
D01602,1601
D01603,1602
D01604,1603
D01605,1604
D01606,1605
D01607,1606
D01608,1607
D01609,1608
D01610,1609
D01611,1610
D01612,1611
D01613,1612
D01614,1613
D01615,1614
D01616,1615
D01617,1616
D01618,1617
D01619,1618
D01620,1619
D01621,1620
D01622,1621
D01623,1622
D01624,1623
D01625,1624
D01626,1625
D01627,1626
D01628,1627
D01629,1628
D01630,1629
D01631,1630
D01632,1631
D01633,1632
D01634,1633
D01635,1634
D01636,1635
D01637,1636
D01638,1637
D01639,1638
D01640,1639
D01641,1640
D01642,1641
D01643,1642
D01644,1643
D01645,1644
D01646,1645
D01647,1646
D01648,1647
D01649,1648
D01650,1649
D01651,1650
D01652,1651
D01653,1652
D01654,1653
D01655,1654
D01656,1655
D01657,1656
D01658,1657
D01659,1658
D01660,1659
D01661,1660
D01662,1661
D01663,1662
D01664,1663
D01665,1664
D01666,1665
D01667,1666
D01668,1667
D01669,1668
D01670,1669
D01671,1670
D01672,1671
D01673,1672
D01674,1673
D01675,1674
D01676,1675
D01677,1676
D01678,1677
D01679,1678
D01680,1679
D01681,1680
D01682,1681
D01683,1682
D01684,1683
D01685,1684
D01686,1685
D01687,1686
D01688,1687
D01689,1688
D01690,1689
D01691,1690
D01692,1691
D01693,1692
D01694,1693
D01695,1694
D01696,1695
D01697,1696
D01698,1697
D01699,1698
D01700,1699
D01701,1700
D01702,1701
D01703,1702
D01704,1703
D01705,1704
D01706,1705
D01707,1706
D01708,1707
D01709,1708
D01710,1709
D01711,1710
D01712,1711
D01713,1712
D01714,1713
D01715,1714
D01716,1715
D01717,1716
D01718,1717
D01719,1718
D01720,1719
D01721,1720
D01722,1721
D01723,1722
D01724,1723
D01725,1724
D01726,1725
D01727,1726
D01728,1727
D01729,1728
D01730,1729
D01731,1730
D01732,1731
D01733,1732
D01734,1733
D01735,1734
D01736,1735
D01737,1736
D01738,1737
D01739,1738
D01740,1739
D01741,1740
D01742,1741
D01743,1742
D01744,1743
D01745,1744
D01746,1745
D01747,1746
D01748,1747
D01749,1748
D01750,1749
D01751,1750
D01752,1751
D01753,1752
D01754,1753
D01755,1754
D01756,1755
D01757,1756
D01758,1757
D01759,1758
D01760,1759
D01761,1760
D01762,1761
D01763,1762
D01764,1763
D01765,1764
D01766,1765
D01767,1766
D01768,1767
D01769,1768
D01770,1769
D01771,1770
D01772,1771
D01773,1772
D01774,1773
D01775,1774
D01776,1775
D01777,1776
D01778,1777
D01779,1778
D01780,1779
D01781,1780
D01782,1781
D01783,1782
D01784,1783
D01785,1784
D01786,1785
D01787,1786
D01788,1787
D01789,1788
D01790,1789
D01791,1790
D01792,1791
D01793,1792
D01794,1793
D01795,1794
D01796,1795
D01797,1796
D01798,1797
D01799,1798
D01800,1799
D01801,1800
D01802,1801
D01803,1802
D01804,1803
D01805,1804
D01806,1805
D01807,1806
D01808,1807
D01809,1808
D01810,1809
D01811,1810
D01812,1811
D01813,1812
D01814,1813
D01815,1814
D01816,1815
D01817,1816
D01818,1817
D01819,1818
D01820,1819
D01821,1820
D01822,1821
D01823,1822
D01824,1823
D01825,1824
D01826,1825
D01827,1826
D01828,1827
D01829,1828
D01830,1829
D01831,1830
D01832,1831
D01833,1832
D01834,1833
D01835,1834
D01836,1835
D01837,1836
D01838,1837
D01839,1838
D01840,1839
D01841,1840
D01842,1841
D01843,1842
D01844,1843
D01845,1844
D01846,1845
D01847,1846
D01848,1847
D01849,1848
D01850,1849
D01851,1850
D01852,1851
D01853,1852
D01854,1853
D01855,1854
D01856,1855
D01857,1856
D01858,1857
D01859,1858
D01860,1859
D01861,1860
D01862,1861
D01863,1862
D01864,1863
D01865,1864
D01866,1865
D01867,1866
D01868,1867
D01869,1868
D01870,1869
D01871,1870
D01872,1871
D01873,1872
D01874,1873
D01875,1874
D01876,1875
D01877,1876
D01878,1877
D01879,1878
D01880,1879
D01881,1880
D01882,1881
D01883,1882
D01884,1883
D01885,1884
D01886,1885
D01887,1886
D01888,1887
D01889,1888
D01890,1889
D01891,1890
D01892,1891
D01893,1892
D01894,1893
D01895,1894
D01896,1895
D01897,1896
D01898,1897
D01899,1898
D01900,1899
D01901,1900
D01902,1901
D01903,1902
D01904,1903
D01905,1904
D01906,1905
D01907,1906
D01908,1907
D01909,1908
D01910,1909
D01911,1910
D01912,1911
D01913,1912
D01914,1913
D01915,1914
D01916,1915
D01917,1916
D01918,1917
D01919,1918
D01920,1919
D01921,1920
D01922,1921
D01923,1922
D01924,1923
D01925,1924
D01926,1925
D01927,1926
D01928,1927
D01929,1928
D01930,1929
D01931,1930
D01932,1931
D01933,1932
D01934,1933
D01935,1934
D01936,1935
D01937,1936
D01938,1937
D01939,1938
D01940,1939
D01941,1940
D01942,1941
D01943,1942
D01944,1943
D01945,1944
D01946,1945
D01947,1946
D01948,1947
D01949,1948
D01950,1949
D01951,1950
D01952,1951
D01953,1952
D01954,1953
D01955,1954
D01956,1955
D01957,1956
D01958,1957
D01959,1958
D01960,1959
D01961,1960
D01962,1961
D01963,1962
D01964,1963
D01965,1964
D01966,1965
D01967,1966
D01968,1967
D01969,1968
D01970,1969
D01971,1970
D01972,1971
D01973,1972
D01974,1973
D01975,1974
D01976,1975
D01977,1976
D01978,1977
D01979,1978
D01980,1979
D01981,1980
D01982,1981
D01983,1982
D01984,1983
D01985,1984
D01986,1985
D01987,1986
D01988,1987
D01989,1988
D01990,1989
D01991,1990
D01992,1991
D01993,1992
D01994,1993
D01995,1994
D01996,1995
D01997,1996
D01998,1997
D01999,1998
D02000,1999
D02001,2000
D02002,2001
D02003,2002
D02004,2003
D02005,2004
D02006,2005
D02007,2006
D02008,2007
D02009,2008
D02010,2009
D02011,2010
D02012,2011
D02013,2012
D02014,2013
D02015,2014
D02016,2015
D02017,2016
D02018,2017
D02019,2018
D02020,2019
D02021,2020
D02022,2021
D02023,2022
D02024,2023
D02025,2024
D02026,2025
D02027,2026
D02028,2027
D02029,2028
D02030,2029
D02031,2030
D02032,2031
D02033,2032
D02034,2033
D02035,2034
D02036,2035
D02037,2036
D02038,2037
D02039,2038
D02040,2039
D02041,2040
D02042,2041
D02043,2042
D02044,2043
D02045,2044
D02046,2045
D02047,2046
D02048,2047
D02049,2048
D02050,2049
D02051,2050
D02052,2051
D02053,2052
D02054,2053
D02055,2054
D02056,2055
D02057,2056
D02058,2057
D02059,2058
D02060,2059
D02061,2060
D02062,2061
D02063,2062
D02064,2063
D02065,2064
D02066,2065
D02067,2066
D02068,2067
D02069,2068
D02070,2069
D02071,2070
D02072,2071
D02073,2072
D02074,2073
D02075,2074
D02076,2075
D02077,2076
D02078,2077
D02079,2078
D02080,2079
D02081,2080
D02082,2081
D02083,2082
D02084,2083
D02085,2084
D02086,2085
D02087,2086
D02088,2087
D02089,2088
D02090,2089
D02091,2090
D02092,2091
D02093,2092
D02094,2093
D02095,2094
D02096,2095
D02097,2096
D02098,2097
D02099,2098
D02100,2099
D02101,2100
D02102,2101
D02103,2102
D02104,2103
D02105,2104
D02106,2105
D02107,2106
D02108,2107
D02109,2108
D02110,2109
D02111,2110
D02112,2111
D02113,2112
D02114,2113
D02115,2114
D02116,2115
D02117,2116
D02118,2117
D02119,2118
D02120,2119
D02121,2120
D02122,2121
D02123,2122
D02124,2123
D02125,2124
D02126,2125
D02127,2126
D02128,2127
D02129,2128
D02130,2129
D02131,2130
D02132,2131
D02133,2132
D02134,2133
D02135,2134
D02136,2135
D02137,2136
D02138,2137
D02139,2138
D02140,2139
D02141,2140
D02142,2141
D02143,2142
D02144,2143
D02145,2144
D02146,2145
D02147,2146
D02148,2147
D02149,2148
D02150,2149
D02151,2150
D02152,2151
D02153,2152
D02154,2153
D02155,2154
D02156,2155
D02157,2156
D02158,2157
D02159,2158
D02160,2159
D02161,2160
D02162,2161
D02163,2162
D02164,2163
D02165,2164
D02166,2165
D02167,2166
D02168,2167
D02169,2168
D02170,2169
D02171,2170
D02172,2171
D02173,2172
D02174,2173
D02175,2174
D02176,2175
D02177,2176
D02178,2177
D02179,2178
D02180,2179
D02181,2180
D02182,2181
D02183,2182
D02184,2183
D02185,2184
D02186,2185
D02187,2186
D02188,2187
D02189,2188
D02190,2189
D02191,2190
D02192,2191
D02193,2192
D02194,2193
D02195,2194
D02196,2195
D02197,2196
D02198,2197
D02199,2198
D02200,2199
D02201,2200
D02202,2201
D02203,2202
D02204,2203
D02205,2204
D02206,2205
D02207,2206
D02208,2207
D02209,2208
D02210,2209
D02211,2210
D02212,2211
D02213,2212
D02214,2213
D02215,2214
D02216,2215
D02217,2216
D02218,2217
D02219,2218
D02220,2219
D02221,2220
D02222,2221
D02223,2222
D02224,2223
D02225,2224
D02226,2225
D02227,2226
D02228,2227
D02229,2228
D02230,2229
D02231,2230
D02232,2231
D02233,2232
D02234,2233
D02235,2234
D02236,2235
D02237,2236
D02238,2237
D02239,2238
D02240,2239
D02241,2240
D02242,2241
D02243,2242
D02244,2243
D02245,2244
D02246,2245
D02247,2246
D02248,2247
D02249,2248
D02250,2249
D02251,2250
D02252,2251
D02253,2252
D02254,2253
D02255,2254
D02256,2255
D02257,2256
D02258,2257
D02259,2258
D02260,2259
D02261,2260
D02262,2261
D02263,2262
D02264,2263
D02265,2264
D02266,2265
D02267,2266
D02268,2267
D02269,2268
D02270,2269
D02271,2270
D02272,2271
D02273,2272
D02274,2273
D02275,2274
D02276,2275
D02277,2276
D02278,2277
D02279,2278
D02280,2279
D02281,2280
D02282,2281
D02283,2282
D02284,2283
D02285,2284
D02286,2285
D02287,2286
D02288,2287
D02289,2288
D02290,2289
D02291,2290
D02292,2291
D02293,2292
D02294,2293
D02295,2294
D02296,2295
D02297,2296
D02298,2297
D02299,2298
D02300,2299
D02301,2300
D02302,2301
D02303,2302
D02304,2303
D02305,2304
D02306,2305
D02307,2306
D02308,2307
D02309,2308
D02310,2309
D02311,2310
D02312,2311
D02313,2312
D02314,2313
D02315,2314
D02316,2315
D02317,2316
D02318,2317
D02319,2318
D02320,2319
D02321,2320
D02322,2321
D02323,2322
D02324,2323
D02325,2324
D02326,2325
D02327,2326
D02328,2327
D02329,2328
D02330,2329
D02331,2330
D02332,2331
D02333,2332
D02334,2333
D02335,2334
D02336,2335
D02337,2336
D02338,2337
D02339,2338
D02340,2339
D02341,2340
D02342,2341
D02343,2342
D02344,2343
D02345,2344
D02346,2345
D02347,2346
D02348,2347
D02349,2348
D02350,2349
D02351,2350
D02352,2351
D02353,2352
D02354,2353
D02355,2354
D02356,2355
D02357,index
D02358,0
D02359,1
D02360,2
D02361,3
D02362,4
D02363,5
D02364,6
D02365,7
D02366,8
D02367,9
D02368,10
D02369,11
D02370,12
D02371,13
D02372,14
D02373,15
D02374,16
D02375,17
D02376,18
D02377,19
D02378,20
D02379,21
D02380,22
D02381,23
D02382,24
D02383,25
D02384,26
D02385,27
D02386,28
D02387,29
D02388,30
D02389,31
D02390,32
D02391,33
D02392,34
D02393,35
D02394,36
D02395,37
D02396,38
D02397,39
D02398,40
D02399,41
D02400,42
D02401,43
D02402,44
D02403,45
D02404,46
D02405,47
D02406,48
D02407,49
D02408,50
D02409,51
D02410,52
D02411,53
D02412,54
D02413,55
D02414,56
D02415,57
D02416,58
D02417,59
D02418,60
D02419,61
D02420,62
D02421,63
D02422,64
D02423,65
D02424,66
D02425,67
D02426,68
D02427,69
D02428,70
D02429,71
D02430,72
D02431,73
D02432,74
D02433,75
D02434,76
D02435,77
D02436,78
D02437,79
D02438,80
D02439,81
D02440,82
D02441,83
D02442,84
D02443,85
D02444,86
D02445,87
D02446,88
D02447,89
D02448,90
D02449,91
D02450,92
D02451,93
D02452,94
D02453,95
D02454,96
D02455,97
D02456,98
D02457,99
D02458,100
D02459,101
D02460,102
D02461,103
D02462,104
D02463,105
D02464,106
D02465,107
D02466,108
D02467,109
D02468,110
D02469,111
D02470,112
D02471,113
D02472,114
D02473,115
D02474,116
D02475,117
D02476,118
D02477,119
D02478,120
D02479,121
D02480,122
D02481,123
D02482,124
D02483,125
D02484,126
D02485,127
D02486,128
D02487,129
D02488,130
D02489,131
D02490,132
D02491,133
D02492,134
D02493,135
D02494,136
D02495,137
D02496,138
D02497,139
D02498,140
D02499,141
D02500,142
D02501,143
D02502,144
D02503,145
D02504,146
D02505,147
D02506,148
D02507,149
D02508,150
D02509,151
D02510,152
D02511,153
D02512,154
D02513,155
D02514,156
D02515,157
D02516,158
D02517,159
D02518,160
D02519,161
D02520,162
D02521,163
D02522,164
D02523,165
D02524,166
D02525,167
D02526,168
D02527,169
D02528,170
D02529,171
D02530,172
D02531,173
D02532,174
D02533,175
D02534,176
D02535,177
D02536,178
D02537,179
D02538,180
D02539,181
D02540,182
D02541,183
D02542,184
D02543,185
D02544,186
D02545,187
D02546,188
D02547,189
D02548,190
D02549,191
D02550,192
D02551,193
D02552,194
D02553,195
D02554,196
D02555,197
D02556,198
D02557,199
D02558,200
D02559,201
D02560,202
D02561,203
D02562,204
D02563,205
D02564,206
D02565,207
D02566,208
D02567,209
D02568,210
D02569,211
D02570,212
D02571,213
D02572,214
D02573,215
D02574,216
D02575,217
D02576,218
D02577,219
D02578,220
D02579,221
D02580,222
D02581,223
D02582,224
D02583,225
D02584,226
D02585,227
D02586,228
D02587,229
D02588,230
D02589,231
D02590,232
D02591,233
D02592,234
D02593,235
D02594,236
D02595,237
D02596,238
D02597,239
D02598,240
D02599,241
D02600,242
D02601,243
D02602,244
D02603,245
D02604,246
D02605,247
D02606,248
D02607,249
D02608,250
D02609,251
D02610,252
D02611,253
D02612,254
D02613,255
D02614,256
D02615,257
D02616,258
D02617,259
D02618,260
D02619,261
D02620,262
D02621,263
D02622,264
D02623,265
D02624,266
D02625,267
D02626,268
D02627,269
D02628,270
D02629,271
D02630,272
D02631,273
D02632,274
D02633,275
D02634,276
D02635,277
D02636,278
D02637,279
D02638,280
D02639,281
D02640,282
D02641,283
D02642,284
D02643,285
D02644,286
D02645,287
D02646,288
D02647,289
D02648,290
D02649,291
D02650,292
D02651,293
D02652,294
D02653,295
D02654,296
D02655,297
D02656,298
D02657,299
D02658,300
D02659,301
D02660,302
D02661,303
D02662,304
D02663,305
D02664,306
D02665,307
D02666,308
D02667,309
D02668,310
D02669,311
D02670,312
D02671,313
D02672,314
D02673,315
D02674,316
D02675,317
D02676,318
D02677,319
D02678,320
D02679,321
D02680,322
D02681,323
D02682,324
D02683,325
D02684,326
D02685,327
D02686,328
D02687,329
D02688,330
D02689,331
D02690,332
D02691,333
D02692,334
D02693,335
D02694,336
D02695,337
D02696,338
D02697,339
D02698,340
D02699,341
D02700,342
D02701,343
D02702,344
D02703,345
D02704,346
D02705,347
D02706,348
D02707,349
D02708,350
D02709,351
D02710,352
D02711,353
D02712,354
D02713,355
D02714,356
D02715,357
D02716,358
D02717,359
D02718,360
D02719,361
D02720,362
D02721,363
D02722,364
D02723,365
D02724,366
D02725,367
D02726,368
D02727,369
D02728,370
D02729,371
D02730,372
D02731,373
D02732,374
D02733,375
D02734,376
D02735,377
D02736,378
D02737,379
D02738,380
D02739,381
D02740,382
D02741,383
D02742,384
D02743,385
D02744,386
D02745,387
D02746,388
D02747,389
D02748,390
D02749,391
D02750,392
D02751,393
D02752,394
D02753,395
D02754,396
D02755,397
D02756,398
D02757,399
D02758,400
D02759,401
D02760,402
D02761,403
D02762,404
D02763,405
D02764,406
D02765,407
D02766,408
D02767,409
D02768,410
D02769,411
D02770,412
D02771,413
D02772,414
D02773,415
D02774,416
D02775,417
D02776,418
D02777,419
D02778,420
D02779,421
D02780,422
D02781,423
D02782,424
D02783,425
D02784,426
D02785,427
D02786,428
D02787,429
D02788,430
D02789,431
D02790,432
D02791,433
D02792,434
D02793,435
D02794,436
D02795,437
D02796,438
D02797,439
D02798,440
D02799,441
D02800,442
D02801,443
D02802,444
D02803,445
D02804,446
D02805,447
D02806,448
D02807,449
D02808,450
D02809,451
D02810,452
D02811,453
D02812,454
D02813,455
D02814,456
D02815,457
D02816,458
D02817,459
D02818,460
D02819,461
D02820,462
D02821,463
D02822,464
D02823,465
D02824,466
D02825,467
D02826,468
D02827,469
D02828,470
D02829,471
D02830,472
D02831,473
D02832,474
D02833,475
D02834,476
D02835,477
D02836,478
D02837,479
D02838,480
D02839,481
D02840,482
D02841,483
D02842,484
D02843,485
D02844,486
D02845,487
D02846,488
D02847,489
D02848,490
D02849,491
D02850,492
D02851,493
D02852,494
D02853,495
D02854,496
D02855,497
D02856,498
D02857,499
D02858,500
D02859,501
D02860,502
D02861,503
D02862,504
D02863,505
D02864,506
D02865,507
D02866,508
D02867,509
D02868,510
D02869,511
D02870,512
D02871,513
D02872,514
D02873,515
D02874,516
D02875,517
D02876,518
D02877,519
D02878,520
D02879,index
D02880,0
D02881,1
D02882,2
D02883,3
D02884,4
D02885,5
D02886,6
D02887,7
D02888,8
D02889,9
D02890,10
D02891,11
D02892,12
D02893,13
D02894,14
D02895,15
D02896,16
D02897,17
D02898,18
D02899,19
D02900,20
D02901,21
D02902,22
D02903,23
D02904,24
D02905,25
D02906,26
D02907,27
D02908,28
D02909,29
D02910,30
D02911,31
D02912,32
D02913,33
D02914,34
D02915,35
D02916,36
D02917,37
D02918,38
D02919,39
D02920,40
D02921,41
D02922,42
D02923,43
D02924,44
D02925,45
D02926,46
D02927,47
D02928,48
D02929,49
D02930,50
D02931,51
D02932,52
D02933,53
D02934,54
D02935,55
D02936,56
D02937,57
D02938,58
D02939,59
D02940,60
D02941,61
D02942,62
D02943,63
D02944,64
D02945,65
D02946,66
D02947,67
D02948,68
D02949,69
D02950,70
D02951,71
D02952,72
D02953,73
D02954,74
D02955,75
D02956,76
D02957,77
D02958,78
D02959,79
D02960,80
D02961,81
D02962,82
D02963,83
D02964,84
D02965,85
D02966,86
D02967,87
D02968,88
D02969,89
D02970,90
D02971,91
D02972,92
D02973,93
D02974,94
D02975,95
D02976,96
D02977,97
D02978,98
D02979,99
D02980,100
D02981,101
D02982,102
D02983,103
D02984,104
D02985,105
D02986,106
D02987,107
D02988,108
D02989,109
D02990,110
D02991,111
D02992,112
D02993,113
D02994,114
D02995,115
D02996,116
D02997,117
D02998,118
D02999,119
D03000,120
D03001,121
D03002,122
D03003,123
D03004,124
D03005,125
D03006,126
D03007,127
D03008,128
D03009,129
D03010,130
D03011,131
D03012,132
D03013,133
D03014,134
D03015,135
D03016,136
D03017,137
D03018,138
D03019,139
D03020,140
D03021,141
D03022,142
D03023,143
D03024,144
D03025,145
D03026,146
D03027,147
D03028,148
D03029,149
D03030,150
D03031,151
D03032,152
D03033,153
D03034,154
D03035,155
D03036,156
D03037,157
D03038,158
D03039,159
D03040,160
D03041,161
D03042,162
D03043,163
D03044,164
D03045,165
D03046,166
D03047,167
D03048,168
D03049,169
D03050,170
D03051,171
D03052,172
D03053,173
D03054,174
D03055,175
D03056,176
D03057,177
D03058,178
D03059,179
D03060,180
D03061,181
D03062,182
D03063,183
D03064,184
D03065,185
D03066,186
D03067,187
D03068,188
D03069,189
D03070,190
D03071,191
D03072,192
D03073,193
D03074,194
D03075,195
D03076,196
D03077,197
D03078,198
D03079,199
D03080,200
D03081,201
D03082,202
D03083,203
D03084,204
D03085,205
D03086,206
D03087,207
D03088,208
D03089,209
D03090,210
D03091,211
D03092,212
D03093,213
D03094,214
D03095,215
D03096,216
D03097,217
D03098,218
D03099,219
D03100,220
D03101,221
D03102,222
D03103,223
D03104,224
D03105,225
D03106,226
D03107,227
D03108,228
D03109,229
D03110,230
D03111,231
D03112,232
D03113,233
D03114,234
D03115,235
D03116,236
D03117,237
D03118,238
D03119,239
D03120,240
D03121,241
D03122,242
D03123,243
D03124,244
D03125,245
D03126,246
D03127,247
D03128,248
D03129,249
D03130,250
D03131,251
D03132,252
D03133,253
D03134,254
D03135,255
D03136,256
D03137,257
D03138,258
D03139,259
D03140,260
D03141,261
D03142,262
D03143,263
D03144,264
D03145,265
D03146,266
D03147,267
D03148,268
D03149,269
D03150,270
D03151,271
D03152,272
D03153,273
D03154,274
D03155,275
D03156,276
D03157,277
D03158,278
D03159,279
D03160,280
D03161,281
D03162,282
D03163,283
D03164,284
D03165,285
D03166,286
D03167,287
D03168,288
D03169,289
D03170,290
D03171,291
D03172,292
D03173,293
D03174,294
D03175,295
D03176,296
D03177,297
D03178,298
D03179,299
D03180,300
D03181,301
D03182,302
D03183,303
D03184,304
D03185,305
D03186,306
D03187,307
D03188,308
D03189,309
D03190,310
D03191,311
D03192,312
D03193,313
D03194,314
D03195,315
D03196,316
D03197,317
D03198,318
D03199,319
D03200,320
D03201,321
D03202,322
D03203,323
D03204,324
D03205,325
D03206,326
D03207,327
D03208,328
D03209,329
D03210,330
D03211,331
D03212,332
D03213,333
D03214,334
D03215,335
D03216,336
D03217,337
D03218,338
D03219,339
D03220,340
D03221,341
D03222,342
D03223,343
D03224,344
D03225,345
D03226,346
D03227,347
D03228,348
D03229,349
D03230,350
D03231,351
D03232,352
D03233,353
D03234,354
D03235,355
D03236,356
D03237,357
D03238,358
D03239,359
D03240,360
D03241,361
D03242,362
D03243,363
D03244,364
D03245,365
D03246,366
D03247,367
D03248,368
D03249,369
D03250,370
D03251,371
D03252,372
D03253,373
D03254,374
D03255,375
D03256,376
D03257,377
D03258,378
D03259,379
D03260,380
D03261,381
D03262,382
D03263,383
D03264,384
D03265,385
D03266,386
D03267,387
D03268,388
D03269,389
D03270,390
D03271,391
D03272,392
D03273,393
D03274,394
D03275,395
D03276,396
D03277,397
D03278,398
D03279,399
D03280,400
D03281,401
D03282,402
D03283,403
D03284,404
D03285,405
D03286,406
D03287,407
D03288,408
D03289,409
D03290,410
D03291,411
D03292,412
D03293,413
D03294,414
D03295,415
D03296,416
D03297,417
D03298,418
D03299,419
D03300,420
D03301,421
D03302,422
D03303,423
D03304,424
D03305,425
D03306,426
D03307,427
D03308,428
D03309,429
D03310,430
D03311,431
D03312,432
D03313,433
D03314,434
D03315,435
D03316,436
D03317,437
D03318,438
D03319,439
D03320,440
D03321,441
D03322,442
D03323,443
D03324,444
D03325,445
D03326,446
D03327,447
D03328,448
D03329,449
D03330,450
D03331,451
D03332,452
D03333,453
D03334,454
D03335,455
D03336,456
D03337,457
D03338,458
D03339,459
D03340,460
D03341,461
D03342,462
D03343,463
D03344,464
D03345,465
D03346,466
D03347,467
D03348,468
D03349,469
D03350,470
D03351,471
D03352,472
D03353,473
D03354,474
D03355,475
D03356,476
D03357,477
D03358,478
D03359,479
D03360,480
D03361,481
D03362,482
D03363,483
D03364,484
D03365,485
D03366,486
D03367,487
D03368,488
D03369,489
D03370,490
D03371,491
D03372,492
D03373,493
D03374,494
D03375,495
D03376,496
D03377,497
D03378,498
D03379,499
D03380,500
D03381,501
D03382,502
D03383,503
D03384,504
D03385,505
D03386,506
D03387,507
D03388,508
