drug_id,protein_id,interaction
D00000,P00000,1
D00001,P00001,0
D00002,P00002,1
D00003,P00003,0
D00004,P00004,1
D00005,P00005,0
D00006,P00006,1
D00007,P00007,0
D00008,P00008,1
D00009,P00009,0
D00010,P00010,1
D00011,P00011,0
D00012,P00012,1
D00013,P00013,0
D00014,P00014,1
D00015,P00015,0
D00016,P00016,1
D00017,P00017,0
D00018,P00018,1
D00019,P00019,0
D00020,P00020,1
D00021,P00021,0
D00022,P00022,1
D00023,P00023,0
D00024,P00024,1
D00025,P00025,0
D00026,P00026,1
D00027,P00027,0
D00028,P00028,1
D00029,P00029,0
D00030,P00030,1
D00031,P00031,0
D00032,P00032,1
D00033,P00033,0
D00034,P00034,1
D00035,P00035,0
D00036,P00036,1
D00037,P00037,0
D00038,P00038,1
D00039,P00039,0
D00040,P00040,1
D00041,P00041,0
D00042,P00042,1
D00043,P00043,0
D00044,P00044,1
D00045,P00045,0
D00046,P00046,1
D00047,P00047,0
D00048,P00048,1
D00049,P00049,0
D00050,P00050,1
D00051,P00051,0
D00052,P00052,1
D00053,P00053,0
D00054,P00054,1
D00055,P00055,0
D00056,P00056,1
D00057,P00057,0
D00058,P00058,1
D00059,P00059,0
D00060,P00060,1
D00061,P00061,0
D00062,P00062,1
D00063,P00063,0
D00064,P00064,1
D00065,P00065,0
D00066,P00066,1
D00067,P00067,0
D00068,P00068,1
D00069,P00069,0
D00070,P00070,1
D00071,P00071,0
D00072,P00072,1
D00073,P00073,0
D00074,P00074,1
D00075,P00075,0
D00076,P00076,1
D00077,P00077,0
D00078,P00078,1
D00079,P00079,0
D00080,P00080,1
D00081,P00081,0
D00082,P00082,1
D00083,P00083,0
D00084,P00084,1
D00085,P00085,0
D00086,P00086,1
D00087,P00087,0
D00088,P00088,1
D00089,P00089,0
D00090,P00090,1
D00091,P00091,0
D00092,P00092,1
D00093,P00093,0
D00094,P00094,1
D00095,P00095,0
D00096,P00096,1
D00097,P00097,0
D00098,P00098,1
D00099,P00099,0
D00100,P00100,1
D00101,P00101,0
D00102,P00102,1
D00103,P00103,0
D00104,P00104,1
D00105,P00105,0
D00106,P00106,1
D00107,P00107,0
D00108,P00108,1
D00109,P00109,0
D00110,P00110,1
D00111,P00111,0
D00112,P00112,1
D00113,P00113,0
D00114,P00114,1
D00115,P00115,0
D00116,P00116,1
D00117,P00117,0
D00118,P00118,1
D00119,P00119,0
D00120,P00120,1
D00121,P00121,0
D00122,P00122,1
D00123,P00123,0
D00124,P00124,1
D00125,P00125,0
D00126,P00126,1
D00127,P00127,0
D00128,P00128,1
D00129,P00129,0
D00130,P00130,1
D00131,P00131,0
D00132,P00132,1
D00133,P00133,0
D00134,P00134,1
D00135,P00135,0
D00136,P00136,1
D00137,P00137,0
D00138,P00138,1
D00139,P00139,0
D00140,P00140,1
D00141,P00141,0
D00142,P00142,1
D00143,P00143,0
D00144,P00144,1
D00145,P00145,0
D00146,P00146,1
D00147,P00147,0
D00148,P00148,1
D00149,P00149,0
D00150,P00150,1
D00151,P00151,0
D00152,P00152,1
D00153,P00153,0
D00154,P00154,1
D00155,P00155,0
D00156,P00156,1
D00157,P00157,0
D00158,P00158,1
D00159,P00159,0
D00160,P00160,1
D00161,P00161,0
D00162,P00162,1
D00163,P00163,0
D00164,P00164,1
D00165,P00165,0
D00166,P00166,1
D00167,P00167,0
D00168,P00168,1
D00169,P00169,0
D00170,P00170,1
D00171,P00171,0
D00172,P00172,1
D00173,P00173,0
D00174,P00174,1
D00175,P00175,0
D00176,P00176,1
D00177,P00177,0
D00178,P00178,1
D00179,P00179,0
D00180,P00180,1
D00181,P00181,0
D00182,P00182,1
D00183,P00183,0
D00184,P00184,1
D00185,P00185,0
D00186,P00186,1
D00187,P00187,0
D00188,P00188,1
D00189,P00189,0
D00190,P00190,1
D00191,P00191,0
D00192,P00192,1
D00193,P00193,0
D00194,P00194,1
D00195,P00195,0
D00196,P00196,1
D00197,P00197,0
D00198,P00198,1
D00199,P00199,0
D00200,P00200,1
D00201,P00201,0
D00202,P00202,1
D00203,P00203,0
D00204,P00204,1
D00205,P00205,0
D00206,P00206,1
D00207,P00207,0
D00208,P00208,1
D00209,P00209,0
D00210,P00210,1
D00211,P00211,0
D00212,P00212,1
D00213,P00213,0
D00214,P00214,1
D00215,P00215,0
D00216,P00216,1
D00217,P00217,0
D00218,P00218,1
D00219,P00219,0
D00220,P00220,1
D00221,P00221,0
D00222,P00222,1
D00223,P00223,0
D00224,P00224,1
D00225,P00225,0
D00226,P00226,1
D00227,P00227,0
D00228,P00228,1
D00229,P00229,0
D00230,P00230,1
D00231,P00231,0
D00232,P00232,1
D00233,P00233,0
D00234,P00234,1
D00235,P00235,0
D00236,P00236,1
D00237,P00237,0
D00238,P00238,1
D00239,P00239,0
D00240,P00240,1
D00241,P00241,0
D00242,P00242,1
D00243,P00243,0
D00244,P00244,1
D00245,P00245,0
D00246,P00246,1
D00247,P00247,0
D00248,P00248,1
D00249,P00249,0
D00250,P00250,1
D00251,P00251,0
D00252,P00252,1
D00253,P00253,0
D00254,P00254,1
D00255,P00255,0
D00256,P00256,1
D00257,P00257,0
D00258,P00258,1
D00259,P00259,0
D00260,P00260,1
D00261,P00261,0
D00262,P00262,1
D00263,P00263,0
D00264,P00264,1
D00265,P00265,0
D00266,P00266,1
D00267,P00267,0
D00268,P00268,1
D00269,P00269,0
D00270,P00270,1
D00271,P00271,0
D00272,P00272,1
D00273,P00273,0
D00274,P00274,1
D00275,P00275,0
D00276,P00276,1
D00277,P00277,0
D00278,P00278,1
D00279,P00279,0
D00280,P00280,1
D00281,P00281,0
D00282,P00282,1
D00283,P00283,0
D00284,P00284,1
D00285,P00285,0
D00286,P00286,1
D00287,P00287,0
D00288,P00288,1
D00289,P00289,0
D00290,P00290,1
D00291,P00291,0
D00292,P00292,1
D00293,P00293,0
D00294,P00294,1
D00295,P00295,0
D00296,P00296,1
D00297,P00297,0
D00298,P00298,1
D00299,P00299,0
D00300,P00300,1
D00301,P00301,0
D00302,P00302,1
D00303,P00303,0
D00304,P00304,1
D00305,P00305,0
D00306,P00306,1
D00307,P00307,0
D00308,P00308,1
D00309,P00309,0
D00310,P00310,1
D00311,P00311,0
D00312,P00312,1
D00313,P00313,0
D00314,P00314,1
D00315,P00315,0
D00316,P00316,1
D00317,P00317,0
D00318,P00318,1
D00319,P00319,0
D00320,P00320,1
D00321,P00321,0
D00322,P00322,1
D00323,P00323,0
D00324,P00324,1
D00325,P00325,0
D00326,P00326,1
D00327,P00327,0
D00328,P00328,1
D00329,P00329,0
D00330,P00330,1
D00331,P00331,0
D00332,P00332,1
D00333,P00333,0
D00334,P00334,1
D00335,P00335,0
D00336,P00336,1
D00337,P00337,0
D00338,P00338,1
D00339,P00339,0
D00340,P00340,1
D00341,P00341,0
D00342,P00342,1
D00343,P00343,0
D00344,P00344,1
D00345,P00345,0
D00346,P00346,1
D00347,P00347,0
D00348,P00348,1
D00349,P00349,0
D00350,P00350,1
D00351,P00351,0
D00352,P00352,1
D00353,P00353,0
D00354,P00354,1
D00355,P00355,0
D00356,P00356,1
D00357,P00357,0
D00358,P00358,1
D00359,P00359,0
D00360,P00360,1
D00361,P00361,0
D00362,P00362,1
D00363,P00363,0
D00364,P00364,1
D00365,P00365,0
D00366,P00366,1
D00367,P00367,0
D00368,P00368,1
D00369,P00369,0
D00370,P00370,1
D00371,P00371,0
D00372,P00372,1
D00373,P00373,0
D00374,P00374,1
D00375,P00375,0
D00376,P00376,1
D00377,P00377,0
D00378,P00378,1
D00379,P00379,0
D00380,P00380,1
D00381,P00381,0
D00382,P00382,1
D00383,P00383,0
D00384,P00384,1
D00385,P00385,0
D00386,P00386,1
D00387,P00387,0
D00388,P00388,1
D00389,P00389,0
D00390,P00390,1
D00391,P00391,0
D00392,P00392,1
D00393,P00393,0
D00394,P00394,1
D00395,P00395,0
D00396,P00396,1
D00397,P00397,0
D00398,P00398,1
D00399,P00399,0
D00400,P00400,1
D00401,P00401,0
D00402,P00402,1
D00403,P00403,0
D00404,P00404,1
D00405,P00405,0
D00406,P00406,1
D00407,P00407,0
D00408,P00408,1
D00409,P00409,0
D00410,P00410,1
D00411,P00411,0
D00412,P00412,1
D00413,P00413,0
D00414,P00414,1
D00415,P00415,0
D00416,P00416,1
D00417,P00417,0
D00418,P00418,1
D00419,P00419,0
D00420,P00420,1
D00421,P00421,0
D00422,P00422,1
D00423,P00423,0
D00424,P00424,1
D00425,P00425,0
D00426,P00426,1
D00427,P00427,0
D00428,P00428,1
D00429,P00429,0
D00430,P00430,1
D00431,P00431,0
D00432,P00432,1
D00433,P00433,0
D00434,P00434,1
D00435,P00435,0
D00436,P00436,1
D00437,P00437,0
D00438,P00438,1
D00439,P00439,0
D00440,P00440,1
D00441,P00441,0
D00442,P00442,1
D00443,P00443,0
D00444,P00444,1
D00445,P00445,0
D00446,P00446,1
D00447,P00447,0
D00448,P00448,1
D00449,P00449,0
D00450,P00450,1
D00451,P00451,0
D00452,P00452,1
D00453,P00453,0
D00454,P00454,1
D00455,P00455,0
D00456,P00456,1
D00457,P00457,0
D00458,P00458,1
D00459,P00459,0
D00460,P00460,1
D00461,P00461,0
D00462,P00462,1
D00463,P00463,0
D00464,P00464,1
D00465,P00465,0
D00466,P00466,1
D00467,P00467,0
D00468,P00468,1
D00469,P00469,0
D00470,P00470,1
D00471,P00471,0
D00472,P00472,1
D00473,P00473,0
D00474,P00474,1
D00475,P00475,0
D00476,P00476,1
D00477,P00477,0
D00478,P00478,1
D00479,P00479,0
D00480,P00480,1
D00481,P00481,0
D00482,P00482,1
D00483,P00483,0
D00484,P00484,1
D00485,P00485,0
D00486,P00486,1
D00487,P00487,0
D00488,P00488,1
D00489,P00489,0
D00490,P00490,1
D00491,P00491,0
D00492,P00492,1
D00493,P00493,0
D00494,P00494,1
D00495,P00495,0
D00496,P00496,1
D00497,P00497,0
D00498,P00498,1
D00499,P00499,0
D00500,P00500,1
D00501,P00501,0
D00502,P00502,1
D00503,P00503,0
D00504,P00504,1
D00505,P00505,0
D00506,P00506,1
D00507,P00507,0
D00508,P00508,1
D00509,P00509,0
D00510,P00510,1
D00511,P00511,0
D00512,P00512,1
D00513,P00513,0
D00514,P00514,1
D00515,P00515,0
D00516,P00516,1
D00517,P00517,0
D00518,P00518,1
D00519,P00519,0
D00520,P00520,1
D00521,P00521,0
D00522,P00522,1
D00523,P00523,0
D00524,P00524,1
D00525,P00525,0
D00526,P00526,1
D00527,P00527,0
D00528,P00528,1
D00529,P00529,0
D00530,P00530,1
D00531,P00531,0
D00532,P00532,1
D00533,P00533,0
D00534,P00534,1
D00535,P00535,0
D00536,P00536,1
D00537,P00537,0
D00538,P00538,1
D00539,P00539,0
D00540,P00540,1
D00541,P00541,0
D00542,P00542,1
D00543,P00543,0
D00544,P00544,1
D00545,P00545,0
D00546,P00546,1
D00547,P00547,0
D00548,P00548,1
D00549,P00549,0
D00550,P00550,1
D00551,P00551,0
D00552,P00552,1
D00553,P00553,0
D00554,P00554,1
D00555,P00555,0
D00556,P00556,1
D00557,P00557,0
D00558,P00558,1
D00559,P00559,0
D00560,P00560,1
D00561,P00561,0
D00562,P00562,1
D00563,P00563,0
D00564,P00564,1
D00565,P00565,0
D00566,P00566,1
D00567,P00567,0
D00568,P00568,1
D00569,P00569,0
D00570,P00570,1
D00571,P00571,0
D00572,P00572,1
D00573,P00573,0
D00574,P00574,1
D00575,P00575,0
D00576,P00576,1
D00577,P00577,0
D00578,P00578,1
D00579,P00579,0
D00580,P00580,1
D00581,P00581,0
D00582,P00582,1
D00583,P00583,0
D00584,P00584,1
D00585,P00585,0
D00586,P00586,1
D00587,P00587,0
D00588,P00588,1
D00589,P00589,0
D00590,P00590,1
D00591,P00591,0
D00592,P00592,1
D00593,P00593,0
D00594,P00594,1
D00595,P00595,0
D00596,P00596,1
D00597,P00597,0
D00598,P00598,1
D00599,P00599,0
D00600,P00600,1
D00601,P00601,0
D00602,P00602,1
D00603,P00603,0
D00604,P00604,1
D00605,P00605,0
D00606,P00606,1
D00607,P00607,0
D00608,P00608,1
D00609,P00609,0
D00610,P00610,1
D00611,P00611,0
D00612,P00612,1
D00613,P00613,0
D00614,P00614,1
D00615,P00615,0
D00616,P00616,1
D00617,P00617,0
D00618,P00618,1
D00619,P00619,0
D00620,P00620,1
D00621,P00621,0
D00622,P00622,1
D00623,P00623,0
D00624,P00624,1
D00625,P00625,0
D00626,P00626,1
D00627,P00627,0
D00628,P00628,1
D00629,P00629,0
D00630,P00630,1
D00631,P00631,0
D00632,P00632,1
D00633,P00633,0
D00634,P00634,1
D00635,P00635,0
D00636,P00636,1
D00637,P00637,0
D00638,P00638,1
D00639,P00639,0
D00640,P00640,1
D00641,P00641,0
D00642,P00642,1
D00643,P00643,0
D00644,P00644,1
D00645,P00645,0
D00646,P00646,1
D00647,P00647,0
D00648,P00648,1
D00649,P00649,0
D00650,P00650,1
D00651,P00651,0
D00652,P00652,1
D00653,P00653,0
D00654,P00654,1
D00655,P00655,0
D00656,P00656,1
D00657,P00657,0
D00658,P00658,1
D00659,P00659,0
D00660,P00660,1
D00661,P00661,0
D00662,P00662,1
D00663,P00663,0
D00664,P00664,1
D00665,P00665,0
D00666,P00666,1
D00667,P00667,0
D00668,P00668,1
D00669,P00669,0
D00670,P00670,1
D00671,P00671,0
D00672,P00672,1
D00673,P00673,0
D00674,P00674,1
D00675,P00675,0
D00676,P00676,1
D00677,P00677,0
D00678,P00678,1
D00679,P00679,0
D00680,P00680,1
D00681,P00681,0
D00682,P00682,1
D00683,P00683,0
D00684,P00684,1
D00685,P00685,0
D00686,P00686,1
D00687,P00687,0
D00688,P00688,1
D00689,P00689,0
D00690,P00690,1
D00691,P00691,0
D00692,P00692,1
D00693,P00693,0
D00694,P00694,1
D00695,P00695,0
D00696,P00696,1
D00697,P00697,0
D00698,P00698,1
D00699,P00699,0
D00700,P00700,1
D00701,P00701,0
D00702,P00702,1
D00703,P00703,0
D00704,P00704,1
D00705,P00705,0
D00706,P00706,1
D00707,P00707,0
D00708,P00708,1
D00709,P00709,0
D00710,P00710,1
D00711,P00711,0
D00712,P00712,1
D00713,P00713,0
D00714,P00714,1
D00715,P00715,0
D00716,P00716,1
D00717,P00717,0
D00718,P00718,1
D00719,P00719,0
D00720,P00720,1
D00721,P00721,0
D00722,P00722,1
D00723,P00723,0
D00724,P00724,1
D00725,P00725,0
D00726,P00726,1
D00727,P00727,0
D00728,P00728,1
D00729,P00729,0
D00730,P00730,1
D00731,P00731,0
D00732,P00732,1
D00733,P00733,0
D00734,P00734,1
D00735,P00735,0
D00736,P00736,1
D00737,P00737,0
D00738,P00738,1
D00739,P00739,0
D00740,P00740,1
D00741,P00741,0
D00742,P00742,1
D00743,P00743,0
D00744,P00744,1
D00745,P00745,0
D00746,P00746,1
D00747,P00747,0
D00748,P00748,1
D00749,P00749,0
D00750,P00750,1
D00751,P00751,0
D00752,P00752,1
D00753,P00753,0
D00754,P00754,1
D00755,P00755,0
D00756,P00756,1
D00757,P00757,0
D00758,P00758,1
D00759,P00759,0
D00760,P00760,1
D00761,P00761,0
D00762,P00762,1
D00763,P00763,0
D00764,P00764,1
D00765,P00765,0
D00766,P00766,1
D00767,P00767,0
D00768,P00768,1
D00769,P00769,0
D00770,P00770,1
D00771,P00771,0
D00772,P00772,1
D00773,P00773,0
D00774,P00774,1
D00775,P00775,0
D00776,P00776,1
D00777,P00777,0
D00778,P00778,1
D00779,P00779,0
D00780,P00780,1
D00781,P00781,0
D00782,P00782,1
D00783,P00783,0
D00784,P00784,1
D00785,P00785,0
D00786,P00786,1
D00787,P00787,0
D00788,P00788,1
D00789,P00789,0
D00790,P00790,1
D00791,P00791,0
D00792,P00792,1
D00793,P00793,0
D00794,P00794,1
D00795,P00795,0
D00796,P00796,1
D00797,P00797,0
D00798,P00798,1
D00799,P00799,0
D00800,P00800,1
D00801,P00801,0
D00802,P00802,1
D00803,P00803,0
D00804,P00804,1
D00805,P00805,0
D00806,P00806,1
D00807,P00807,0
D00808,P00808,1
D00809,P00809,0
D00810,P00810,1
D00811,P00811,0
D00812,P00812,1
D00813,P00813,0
D00814,P00814,1
D00815,P00815,0
D00816,P00816,1
D00817,P00817,0
D00818,P00818,1
D00819,P00819,0
D00820,P00820,1
D00821,P00821,0
D00822,P00822,1
D00823,P00823,0
D00824,P00824,1
D00825,P00825,0
D00826,P00826,1
D00827,P00827,0
D00828,P00828,1
D00829,P00829,0
D00830,P00830,1
D00831,P00831,0
D00832,P00832,1
D00833,P00833,0
D00834,P00834,1
D00835,P00835,0
D00836,P00836,1
D00837,P00837,0
D00838,P00838,1
D00839,P00839,0
D00840,P00840,1
D00841,P00841,0
D00842,P00842,1
D00843,P00843,0
D00844,P00844,1
D00845,P00845,0
D00846,P00846,1
D00847,P00847,0
D00848,P00848,1
D00849,P00849,0
D00850,P00850,1
D00851,P00851,0
D00852,P00852,1
D00853,P00853,0
D00854,P00854,1
D00855,P00855,0
D00856,P00856,1
D00857,P00857,0
D00858,P00858,1
D00859,P00859,0
D00860,P00860,1
D00861,P00861,0
D00862,P00862,1
D00863,P00863,0
D00864,P00864,1
D00865,P00865,0
D00866,P00866,1
D00867,P00867,0
D00868,P00868,1
D00869,P00869,0
D00870,P00870,1
D00871,P00871,0
D00872,P00872,1
D00873,P00873,0
D00874,P00874,1
D00875,P00875,0
D00876,P00876,1
D00877,P00877,0
D00878,P00878,1
D00879,P00879,0
D00880,P00880,1
D00881,P00881,0
D00882,P00882,1
D00883,P00883,0
D00884,P00884,1
D00885,P00885,0
D00886,P00886,1
D00887,P00887,0
D00888,P00888,1
D00889,P00889,0
D00890,P00890,1
D00891,P00891,0
D00892,P00892,1
D00893,P00893,0
D00894,P00894,1
D00895,P00895,0
D00896,P00896,1
D00897,P00897,0
D00898,P00898,1
D00899,P00899,0
D00900,P00900,1
D00901,P00901,0
D00902,P00902,1
D00903,P00903,0
D00904,P00904,1
D00905,P00905,0
D00906,P00906,1
D00907,P00907,0
D00908,P00908,1
D00909,P00909,0
D00910,P00910,1
D00911,P00911,0
D00912,P00912,1
D00913,P00913,0
D00914,P00914,1
D00915,P00915,0
D00916,P00916,1
D00917,P00917,0
D00918,P00918,1
D00919,P00919,0
D00920,P00920,1
D00921,P00921,0
D00922,P00922,1
D00923,P00923,0
D00924,P00924,1
D00925,P00925,0
D00926,P00926,1
D00927,P00927,0
D00928,P00928,1
D00929,P00929,0
D00930,P00930,1
D00931,P00931,0
D00932,P00932,1
D00933,P00933,0
D00934,P00934,1
D00935,P00935,0
D00936,P00936,1
D00937,P00937,0
D00938,P00938,1
D00939,P00939,0
D00940,P00940,1
D00941,P00941,0
D00942,P00942,1
D00943,P00943,0
D00944,P00944,1
D00945,P00945,0
D00946,P00946,1
D00947,P00947,0
D00948,P00948,1
D00949,P00949,0
D00950,P00950,1
D00951,P00951,0
D00952,P00952,1
D00953,P00953,0
D00954,P00954,1
D00955,P00955,0
D00956,P00956,1
D00957,P00957,0
D00958,P00958,1
D00959,P00959,0
D00960,P00960,1
D00961,P00961,0
D00962,P00962,1
D00963,P00963,0
D00964,P00964,1
D00965,P00965,0
D00966,P00966,1
D00967,P00967,0
D00968,P00968,1
D00969,P00969,0
D00970,P00970,1
D00971,P00971,0
D00972,P00972,1
D00973,P00973,0
D00974,P00974,1
D00975,P00975,0
D00976,P00976,1
D00977,P00977,0
D00978,P00978,1
D00979,P00979,0
D00980,P00980,1
D00981,P00981,0
D00982,P00982,1
D00983,P00983,0
D00984,P00984,1
D00985,P00985,0
D00986,P00986,1
D00987,P00987,0
D00988,P00988,1
D00989,P00989,0
D00990,P00990,1
D00991,P00991,0
D00992,P00992,1
D00993,P00993,0
D00994,P00994,1
D00995,P00995,0
D00996,P00996,1
D00997,P00997,0
D00998,P00998,1
D00999,P00999,0
D01000,P01000,1
D01001,P01001,0
D01002,P01002,1
D01003,P01003,0
D01004,P01004,1
D01005,P01005,0
D01006,P01006,1
D01007,P01007,0
D01008,P01008,1
D01009,P01009,0
D01010,P01010,1
D01011,P01011,0
D01012,P01012,1
D01013,P01013,0
D01014,P01014,1
D01015,P01015,0
D01016,P01016,1
D01017,P01017,0
D01018,P01018,1
D01019,P01019,0
D01020,P01020,1
D01021,P01021,0
D01022,P01022,1
D01023,P01023,0
D01024,P01024,1
D01025,P01025,0
D01026,P01026,1
D01027,P01027,0
D01028,P01028,1
D01029,P01029,0
D01030,P01030,1
D01031,P01031,0
D01032,P01032,1
D01033,P01033,0
D01034,P01034,1
D01035,P01035,0
D01036,P01036,1
D01037,P01037,0
D01038,P01038,1
D01039,P01039,0
D01040,P01040,1
D01041,P01041,0
D01042,P01042,1
D01043,P01043,0
D01044,P01044,1
D01045,P01045,0
D01046,P01046,1
D01047,P01047,0
D01048,P01048,1
D01049,P01049,0
D01050,P01050,1
D01051,P01051,0
D01052,P01052,1
D01053,P01053,0
D01054,P01054,1
D01055,P01055,0
D01056,P01056,1
D01057,P01057,0
D01058,P01058,1
D01059,P01059,0
D01060,P01060,1
D01061,P01061,0
D01062,P01062,1
D01063,P01063,0
D01064,P01064,1
D01065,P01065,0
D01066,P01066,1
D01067,P01067,0
D01068,P01068,1
D01069,P01069,0
D01070,P01070,1
D01071,P01071,0
D01072,P01072,1
D01073,P01073,0
D01074,P01074,1
D01075,P01075,0
D01076,P01076,1
D01077,P01077,0
D01078,P01078,1
D01079,P01079,0
D01080,P01080,1
D01081,P01081,0
D01082,P01082,1
D01083,P01083,0
D01084,P01084,1
D01085,P01085,0
D01086,P01086,1
D01087,P01087,0
D01088,P01088,1
D01089,P01089,0
D01090,P01090,1
D01091,P01091,0
D01092,P01092,1
D01093,P01093,0
D01094,P01094,1
D01095,P01095,0
D01096,P01096,1
D01097,P01097,0
D01098,P01098,1
D01099,P01099,0
D01100,P01100,1
D01101,P01101,0
D01102,P01102,1
D01103,P01103,0
D01104,P01104,1
D01105,P01105,0
D01106,P01106,1
D01107,P01107,0
D01108,P01108,1
D01109,P01109,0
D01110,P01110,1
D01111,P01111,0
D01112,P01112,1
D01113,P01113,0
D01114,P01114,1
D01115,P01115,0
D01116,P01116,1
D01117,P01117,0
D01118,P01118,1
D01119,P01119,0
D01120,P01120,1
D01121,P01121,0
D01122,P01122,1
D01123,P01123,0
D01124,P01124,1
D01125,P01125,0
D01126,P01126,1
D01127,P01127,0
D01128,P01128,1
D01129,P01129,0
D01130,P01130,1
D01131,P01131,0
D01132,P01132,1
D01133,P01133,0
D01134,P01134,1
D01135,P01135,0
D01136,P01136,1
D01137,P01137,0
D01138,P01138,1
D01139,P01139,0
D01140,P01140,1
D01141,P01141,0
D01142,P01142,1
D01143,P01143,0
D01144,P01144,1
D01145,P01145,0
D01146,P01146,1
D01147,P01147,0
D01148,P01148,1
D01149,P01149,0
D01150,P01150,1
D01151,P01151,0
D01152,P01152,1
D01153,P01153,0
D01154,P01154,1
D01155,P01155,0
D01156,P01156,1
D01157,P01157,0
D01158,P01158,1
D01159,P01159,0
D01160,P01160,1
D01161,P01161,0
D01162,P01162,1
D01163,P01163,0
D01164,P01164,1
D01165,P01165,0
D01166,P01166,1
D01167,P01167,0
D01168,P01168,1
D01169,P01169,0
D01170,P01170,1
D01171,P01171,0
D01172,P01172,1
D01173,P01173,0
D01174,P01174,1
D01175,P01175,0
D01176,P01176,1
D01177,P01177,0
D01178,P01178,1
D01179,P01179,0
D01180,P01180,1
D01181,P01181,0
D01182,P01182,1
D01183,P01183,0
D01184,P01184,1
D01185,P01185,0
D01186,P01186,1
D01187,P01187,0
D01188,P01188,1
D01189,P01189,0
D01190,P01190,1
D01191,P01191,0
D01192,P01192,1
D01193,P01193,0
D01194,P01194,1
D01195,P01195,0
D01196,P01196,1
D01197,P01197,0
D01198,P01198,1
D01199,P01199,0
D01200,P01200,1
D01201,P01201,0
D01202,P01202,1
D01203,P01203,0
D01204,P01204,1
D01205,P01205,0
D01206,P01206,1
D01207,P01207,0
D01208,P01208,1
D01209,P01209,0
D01210,P01210,1
D01211,P01211,0
D01212,P01212,1
D01213,P01213,0
D01214,P01214,1
D01215,P01215,0
D01216,P01216,1
D01217,P01217,0
D01218,P01218,1
D01219,P01219,0
D01220,P01220,1
D01221,P01221,0
D01222,P01222,1
D01223,P01223,0
D01224,P01224,1
D01225,P01225,0
D01226,P01226,1
D01227,P01227,0
D01228,P01228,1
D01229,P01229,0
D01230,P01230,1
D01231,P01231,0
D01232,P01232,1
D01233,P01233,0
D01234,P01234,1
D01235,P01235,0
D01236,P01236,1
D01237,P01237,0
D01238,P01238,1
D01239,P01239,0
D01240,P01240,1
D01241,P01241,0
D01242,P01242,1
D01243,P01243,0
D01244,P01244,1
D01245,P01245,0
D01246,P01246,1
D01247,P01247,0
D01248,P01248,1
D01249,P01249,0
D01250,P01250,1
D01251,P01251,0
D01252,P01252,1
D01253,P01253,0
D01254,P01254,1
D01255,P01255,0
D01256,P01256,1
D01257,P01257,0
D01258,P01258,1
D01259,P01259,0
D01260,P01260,1
D01261,P01261,0
D01262,P01262,1
D01263,P01263,0
D01264,P01264,1
D01265,P01265,0
D01266,P01266,1
D01267,P01267,0
D01268,P01268,1
D01269,P01269,0
D01270,P01270,1
D01271,P01271,0
D01272,P01272,1
D01273,P01273,0
D01274,P01274,1
D01275,P01275,0
D01276,P01276,1
D01277,P01277,0
D01278,P01278,1
D01279,P01279,0
D01280,P01280,1
D01281,P01281,0
D01282,P01282,1
D01283,P01283,0
D01284,P01284,1
D01285,P01285,0
D01286,P01286,1
D01287,P01287,0
D01288,P01288,1
D01289,P01289,0
D01290,P01290,1
D01291,P01291,0
D01292,P01292,1
D01293,P01293,0
D01294,P01294,1
D01295,P01295,0
D01296,P01296,1
D01297,P01297,0
D01298,P01298,1
D01299,P01299,0
D01300,P01300,1
D01301,P01301,0
D01302,P01302,1
D01303,P01303,0
D01304,P01304,1
D01305,P01305,0
D01306,P01306,1
D01307,P01307,0
D01308,P01308,1
D01309,P01309,0
D01310,P01310,1
D01311,P01311,0
D01312,P01312,1
D01313,P01313,0
D01314,P01314,1
D01315,P01315,0
D01316,P01316,1
D01317,P01317,0
D01318,P01318,1
D01319,P01319,0
D01320,P01320,1
D01321,P01321,0
D01322,P01322,1
D01323,P01323,0
D01324,P01324,1
D01325,P01325,0
D01326,P01326,1
D01327,P01327,0
D01328,P01328,1
D01329,P01329,0
D01330,P01330,1
D01331,P01331,0
D01332,P01332,1
D01333,P01333,0
D01334,P01334,1
D01335,P01335,0
D01336,P01336,1
D01337,P01337,0
D01338,P01338,1
D01339,P01339,0
D01340,P01340,1
D01341,P01341,0
D01342,P01342,1
D01343,P01343,0
D01344,P01344,1
D01345,P01345,0
D01346,P01346,1
D01347,P01347,0
D01348,P01348,1
D01349,P01349,0
D01350,P01350,1
D01351,P01351,0
D01352,P01352,1
D01353,P01353,0
D01354,P01354,1
D01355,P01355,0
D01356,P01356,1
D01357,P01357,0
D01358,P01358,1
D01359,P01359,0
D01360,P01360,1
D01361,P01361,0
D01362,P01362,1
D01363,P01363,0
D01364,P01364,1
D01365,P01365,0
D01366,P01366,1
D01367,P01367,0
D01368,P01368,1
D01369,P01369,0
D01370,P01370,1
D01371,P01371,0
D01372,P01372,1
D01373,P01373,0
D01374,P01374,1
D01375,P01375,0
D01376,P01376,1
D01377,P01377,0
D01378,P01378,1
D01379,P01379,0
D01380,P01380,1
D01381,P01381,0
D01382,P01382,1
D01383,P01383,0
D01384,P01384,1
D01385,P01385,0
D01386,P01386,1
D01387,P01387,0
D01388,P01388,1
D01389,P01389,0
D01390,P01390,1
D01391,P01391,0
D01392,P01392,1
D01393,P01393,0
D01394,P01394,1
D01395,P01395,0
D01396,P01396,1
D01397,P01397,0
D01398,P01398,1
D01399,P01399,0
D01400,P01400,1
D01401,P01401,0
D01402,P01402,1
D01403,P01403,0
D01404,P01404,1
D01405,P01405,0
D01406,P01406,1
D01407,P01407,0
D01408,P01408,1
D01409,P01409,0
D01410,P01410,1
D01411,P01411,0
D01412,P01412,1
D01413,P01413,0
D01414,P01414,1
D01415,P01415,0
D01416,P01416,1
D01417,P01417,0
D01418,P01418,1
D01419,P01419,0
D01420,P01420,1
D01421,P01421,0
D01422,P01422,1
D01423,P01423,0
D01424,P01424,1
D01425,P01425,0
D01426,P01426,1
D01427,P01427,0
D01428,P01428,1
D01429,P01429,0
D01430,P01430,1
D01431,P01431,0
D01432,P01432,1
D01433,P01433,0
D01434,P01434,1
D01435,P01435,0
D01436,P01436,1
D01437,P01437,0
D01438,P01438,1
D01439,P01439,0
D01440,P01440,1
D01441,P01441,0
D01442,P01442,1
D01443,P01443,0
D01444,P01444,1
D01445,P01445,0
D01446,P01446,1
D01447,P01447,0
D01448,P01448,1
D01449,P01449,0
D01450,P01450,1
D01451,P01451,0
D01452,P01452,1
D01453,P01453,0
D01454,P01454,1
D01455,P01455,0
D01456,P01456,1
D01457,P01457,0
D01458,P01458,1
D01459,P01459,0
D01460,P01460,1
D01461,P01461,0
D01462,P01462,1
D01463,P01463,0
D01464,P01464,1
D01465,P01465,0
D01466,P01466,1
D01467,P01467,0
D01468,P01468,1
D01469,P01469,0
D01470,P01470,1
D01471,P01471,0
D01472,P01472,1
D01473,P01473,0
D01474,P01474,1
D01475,P01475,0
D01476,P01476,1
D01477,P01477,0
D01478,P01478,1
D01479,P01479,0
D01480,P01480,1
D01481,P01481,0
D01482,P01482,1
D01483,P01483,0
D01484,P01484,1
D01485,P01485,0
D01486,P01486,1
D01487,P01487,0
D01488,P01488,1
D01489,P01489,0
D01490,P01490,1
D01491,P01491,0
D01492,P01492,1
D01493,P01493,0
D01494,P01494,1
D01495,P01495,0
D01496,P01496,1
D01497,P01497,0
D01498,P01498,1
D01499,P01499,0
D01500,P01500,1
D01501,P01501,0
D01502,P01502,1
D01503,P01503,0
D01504,P01504,1
D01505,P01505,0
D01506,P01506,1
D01507,P01507,0
D01508,P01508,1
D01509,P01509,0
D01510,P01510,1
D01511,P01511,0
D01512,P01512,1
D01513,P01513,0
D01514,P01514,1
D01515,P01515,0
D01516,P01516,1
D01517,P01517,0
D01518,P01518,1
D01519,P01519,0
D01520,P01520,1
D01521,P01521,0
D01522,P01522,1
D01523,P01523,0
D01524,P01524,1
D01525,P01525,0
D01526,P01526,1
D01527,P01527,0
D01528,P01528,1
D01529,P01529,0
D01530,P01530,1
D01531,P01531,0
D01532,P01532,1
D01533,P01533,0
D01534,P01534,1
D01535,P01535,0
D01536,P01536,1
D01537,P01537,0
D01538,P01538,1
D01539,P01539,0
D01540,P01540,1
D01541,P01541,0
D01542,P01542,1
D01543,P01543,0
D01544,P01544,1
D01545,P01545,0
D01546,P01546,1
D01547,P01547,0
D01548,P01548,1
D01549,P01549,0
D01550,P01550,1
D01551,P01551,0
D01552,P01552,1
D01553,P01553,0
D01554,P01554,1
D01555,P01555,0
D01556,P01556,1
D01557,P01557,0
D01558,P01558,1
D01559,P01559,0
D01560,P01560,1
D01561,P01561,0
D01562,P01562,1
D01563,P01563,0
D01564,P01564,1
D01565,P01565,0
D01566,P01566,1
D01567,P01567,0
D01568,P01568,1
D01569,P01569,0
D01570,P01570,1
D01571,P01571,0
D01572,P01572,1
D01573,P01573,0
D01574,P01574,1
D01575,P01575,0
D01576,P01576,1
D01577,P01577,0
D01578,P01578,1
D01579,P01579,0
D01580,P01580,1
D01581,P01581,0
D01582,P01582,1
D01583,P01583,0
D01584,P01584,1
D01585,P01585,0
D01586,P01586,1
D01587,P01587,0
D01588,P01588,1
D01589,P01589,0
D01590,P01590,1
D01591,P01591,0
D01592,P01592,1
D01593,P01593,0
D01594,P01594,1
D01595,P01595,0
D01596,P01596,1
D01597,P01597,0
D01598,P01598,1
D01599,P01599,0
D01600,P01600,1
D01601,P01601,0
D01602,P01602,1
D01603,P01603,0
D01604,P01604,1
D01605,P01605,0
D01606,P01606,1
D01607,P01607,0
D01608,P01608,1
D01609,P01609,0
D01610,P01610,1
D01611,P01611,0
D01612,P01612,1
D01613,P01613,0
D01614,P01614,1
D01615,P01615,0
D01616,P01616,1
D01617,P01617,0
D01618,P01618,1
D01619,P01619,0
D01620,P01620,1
D01621,P01621,0
D01622,P01622,1
D01623,P01623,0
D01624,P01624,1
D01625,P01625,0
D01626,P01626,1
D01627,P01627,0
D01628,P01628,1
D01629,P01629,0
D01630,P01630,1
D01631,P01631,0
D01632,P01632,1
D01633,P01633,0
D01634,P01634,1
D01635,P01635,0
D01636,P01636,1
D01637,P01637,0
D01638,P01638,1
D01639,P01639,0
D01640,P01640,1
D01641,P01641,0
D01642,P01642,1
D01643,P01643,0
D01644,P01644,1
D01645,P01645,0
D01646,P01646,1
D01647,P01647,0
D01648,P01648,1
D01649,P01649,0
D01650,P01650,1
D01651,P01651,0
D01652,P01652,1
D01653,P01653,0
D01654,P01654,1
D01655,P01655,0
D01656,P01656,1
D01657,P01657,0
D01658,P01658,1
D01659,P01659,0
D01660,P01660,1
D01661,P01661,0
D01662,P01662,1
D01663,P01663,0
D01664,P01664,1
D01665,P01665,0
D01666,P01666,1
D01667,P01667,0
D01668,P01668,1
D01669,P01669,0
D01670,P01670,1
D01671,P01671,0
D01672,P01672,1
D01673,P01673,0
D01674,P01674,1
D01675,P01675,0
D01676,P01676,1
D01677,P01677,0
D01678,P01678,1
D01679,P01679,0
D01680,P01680,1
D01681,P01681,0
D01682,P01682,1
D01683,P01683,0
D01684,P01684,1
D01685,P01685,0
D01686,P01686,1
D01687,P01687,0
D01688,P01688,1
D01689,P01689,0
D01690,P01690,1
D01691,P01691,0
D01692,P01692,1
D01693,P01693,0
D01694,P01694,1
D01695,P01695,0
D01696,P01696,1
D01697,P01697,0
D01698,P01698,1
D01699,P01699,0
D01700,P01700,1
D01701,P01701,0
D01702,P01702,1
D01703,P01703,0
D01704,P01704,1
D01705,P01705,0
D01706,P01706,1
D01707,P01707,0
D01708,P01708,1
D01709,P01709,0
D01710,P01710,1
D01711,P01711,0
D01712,P01712,1
D01713,P01713,0
D01714,P01714,1
D01715,P01715,0
D01716,P01716,1
D01717,P01717,0
D01718,P01718,1
D01719,P01719,0
D01720,P01720,1
D01721,P01721,0
D01722,P01722,1
D01723,P01723,0
D01724,P01724,1
D01725,P01725,0
D01726,P01726,1
D01727,P01727,0
D01728,P01728,1
D01729,P01729,0
D01730,P01730,1
D01731,P01731,0
D01732,P01732,1
D01733,P01733,0
D01734,P01734,1
D01735,P01735,0
D01736,P01736,1
D01737,P01737,0
D01738,P01738,1
D01739,P01739,0
D01740,P01740,1
D01741,P01741,0
D01742,P01742,1
D01743,P01743,0
D01744,P01744,1
D01745,P01745,0
D01746,P01746,1
D01747,P01747,0
D01748,P01748,1
D01749,P01749,0
D01750,P01750,1
D01751,P01751,0
D01752,P01752,1
D01753,P01753,0
D01754,P01754,1
D01755,P01755,0
D01756,P01756,1
D01757,P01757,0
D01758,P01758,1
D01759,P01759,0
D01760,P01760,1
D01761,P01761,0
D01762,P01762,1
D01763,P01763,0
D01764,P01764,1
D01765,P01765,0
D01766,P01766,1
D01767,P01767,0
D01768,P01768,1
D01769,P01769,0
D01770,P01770,1
D01771,P01771,0
D01772,P01772,1
D01773,P01773,0
D01774,P01774,1
D01775,P01775,0
D01776,P01776,1
D01777,P01777,0
D01778,P01778,1
D01779,P01779,0
D01780,P01780,1
D01781,P01781,0
D01782,P01782,1
D01783,P01783,0
D01784,P01784,1
D01785,P01785,0
D01786,P01786,1
D01787,P01787,0
D01788,P01788,1
D01789,P01789,0
D01790,P01790,1
D01791,P01791,0
D01792,P01792,1
D01793,P01793,0
D01794,P01794,1
D01795,P01795,0
D01796,P01796,1
D01797,P01797,0
D01798,P01798,1
D01799,P01799,0
D01800,P01800,1
D01801,P01801,0
D01802,P01802,1
D01803,P01803,0
D01804,P01804,1
D01805,P01805,0
D01806,P01806,1
D01807,P01807,0
D01808,P01808,1
D01809,P01809,0
D01810,P01810,1
D01811,P01811,0
D01812,P01812,1
D01813,P01813,0
D01814,P01814,1
D01815,P01815,0
D01816,P01816,1
D01817,P01817,0
D01818,P01818,1
D01819,P01819,0
D01820,P01820,1
D01821,P01821,0
D01822,P01822,1
D01823,P01823,0
D01824,P01824,1
D01825,P01825,0
D01826,P01826,1
D01827,P01827,0
D01828,P01828,1
D01829,P01829,0
D01830,P01830,1
D01831,P01831,0
D01832,P01832,1
D01833,P01833,0
D01834,P01834,1
D01835,P01835,0
D01836,P01836,1
D01837,P01837,0
D01838,P01838,1
D01839,P01839,0
D01840,P01840,1
D01841,P01841,0
D01842,P01842,1
D01843,P01843,0
D01844,P01844,1
D01845,P01845,0
D01846,P01846,1
D01847,P01847,0
D01848,P01848,1
D01849,P01849,0
D01850,P01850,1
D01851,P01851,0
D01852,P01852,1
D01853,P01853,0
D01854,P01854,1
D01855,P01855,0
D01856,P01856,1
D01857,P01857,0
D01858,P01858,1
D01859,P01859,0
D01860,P01860,1
D01861,P01861,0
D01862,P01862,1
D01863,P01863,0
D01864,P01864,1
D01865,P01865,0
D01866,P01866,1
D01867,P01867,0
D01868,P01868,1
D01869,P01869,0
D01870,P01870,1
D01871,P01871,0
D01872,P01872,1
D01873,P01873,0
D01874,P01874,1
D01875,P01875,0
D01876,P01876,1
D01877,P01877,0
D01878,P01878,1
D01879,P01879,0
D01880,P01880,1
D01881,P01881,0
D01882,P01882,1
D01883,P01883,0
D01884,P01884,1
D01885,P01885,0
D01886,P01886,1
D01887,P01887,0
D01888,P01888,1
D01889,P01889,0
D01890,P01890,1
D01891,P01891,0
D01892,P01892,1
D01893,P01893,0
D01894,P01894,1
D01895,P01895,0
D01896,P01896,1
D01897,P01897,0
D01898,P01898,1
D01899,P01899,0
D01900,P01900,1
D01901,P01901,0
D01902,P01902,1
D01903,P01903,0
D01904,P01904,1
D01905,P01905,0
D01906,P01906,1
D01907,P01907,0
D01908,P01908,1
D01909,P01909,0
D01910,P01910,1
D01911,P01911,0
D01912,P01912,1
D01913,P01913,0
D01914,P01914,1
D01915,P01915,0
D01916,P01916,1
D01917,P01917,0
D01918,P01918,1
D01919,P01919,0
D01920,P01920,1
D01921,P01921,0
D01922,P01922,1
D01923,P01923,0
D01924,P01924,1
D01925,P01925,0
D01926,P01926,1
D01927,P01927,0
D01928,P01928,1
D01929,P01929,0
D01930,P01930,1
D01931,P01931,0
D01932,P01932,1
D01933,P01933,0
D01934,P01934,1
D01935,P01935,0
D01936,P01936,1
D01937,P01937,0
D01938,P01938,1
D01939,P01939,0
D01940,P01940,1
D01941,P01941,0
D01942,P01942,1
D01943,P01943,0
D01944,P01944,1
D01945,P01945,0
D01946,P01946,1
D01947,P01947,0
D01948,P01948,1
D01949,P01949,0
D01950,P01950,1
D01951,P01951,0
D01952,P01952,1
D01953,P01953,0
D01954,P01954,1
D01955,P01955,0
D01956,P01956,1
D01957,P01957,0
D01958,P01958,1
D01959,P01959,0
D01960,P01960,1
D01961,P01961,0
D01962,P01962,1
D01963,P01963,0
D01964,P01964,1
D01965,P01965,0
D01966,P01966,1
D01967,P01967,0
D01968,P01968,1
D01969,P01969,0
D01970,P01970,1
D01971,P01971,0
D01972,P01972,1
D01973,P01973,0
D01974,P01974,1
D01975,P01975,0
D01976,P01976,1
D01977,P01977,0
D01978,P01978,1
D01979,P01979,0
D01980,P01980,1
D01981,P01981,0
D01982,P01982,1
D01983,P01983,0
D01984,P01984,1
D01985,P01985,0
D01986,P01986,1
D01987,P01987,0
D01988,P01988,1
D01989,P01989,0
D01990,P01990,1
D01991,P01991,0
D01992,P01992,1
D01993,P01993,0
D01994,P01994,1
D01995,P01995,0
D01996,P01996,1
D01997,P01997,0
D01998,P01998,1
D01999,P01999,0
D02000,P02000,1
D02001,P02001,0
D02002,P02002,1
D02003,P02003,0
D02004,P02004,1
D02005,P02005,0
D02006,P02006,1
D02007,P02007,0
D02008,P02008,1
D02009,P02009,0
D02010,P02010,1
D02011,P02011,0
D02012,P02012,1
D02013,P02013,0
D02014,P02014,1
D02015,P02015,0
D02016,P02016,1
D02017,P02017,0
D02018,P02018,1
D02019,P02019,0
D02020,P02020,1
D02021,P02021,0
D02022,P02022,1
D02023,P02023,0
D02024,P02024,1
D02025,P02025,0
D02026,P02026,1
D02027,P02027,0
D02028,P02028,1
D02029,P02029,0
D02030,P02030,1
D02031,P02031,0
D02032,P02032,1
D02033,P02033,0
D02034,P02034,1
D02035,P02035,0
D02036,P02036,1
D02037,P02037,0
D02038,P02038,1
D02039,P02039,0
D02040,P02040,1
D02041,P02041,0
D02042,P02042,1
D02043,P02043,0
D02044,P02044,1
D02045,P02045,0
D02046,P02046,1
D02047,P02047,0
D02048,P02048,1
D02049,P02049,0
D02050,P02050,1
D02051,P02051,0
D02052,P02052,1
D02053,P02053,0
D02054,P02054,1
D02055,P02055,0
D02056,P02056,1
D02057,P02057,0
D02058,P02058,1
D02059,P02059,0
D02060,P02060,1
D02061,P02061,0
D02062,P02062,1
D02063,P02063,0
D02064,P02064,1
D02065,P02065,0
D02066,P02066,1
D02067,P02067,0
D02068,P02068,1
D02069,P02069,0
D02070,P02070,1
D02071,P02071,0
D02072,P02072,1
D02073,P02073,0
D02074,P02074,1
D02075,P02075,0
D02076,P02076,1
D02077,P02077,0
D02078,P02078,1
D02079,P02079,0
D02080,P02080,1
D02081,P02081,0
D02082,P02082,1
D02083,P02083,0
D02084,P02084,1
D02085,P02085,0
D02086,P02086,1
D02087,P02087,0
D02088,P02088,1
D02089,P02089,0
D02090,P02090,1
D02091,P02091,0
D02092,P02092,1
D02093,P02093,0
D02094,P02094,1
D02095,P02095,0
D02096,P02096,1
D02097,P02097,0
D02098,P02098,1
D02099,P02099,0
D02100,P02100,1
D02101,P02101,0
D02102,P02102,1
D02103,P02103,0
D02104,P02104,1
D02105,P02105,0
D02106,P02106,1
D02107,P02107,0
D02108,P02108,1
D02109,P02109,0
D02110,P02110,1
D02111,P02111,0
D02112,P02112,1
D02113,P02113,0
D02114,P02114,1
D02115,P02115,0
D02116,P02116,1
D02117,P02117,0
D02118,P02118,1
D02119,P02119,0
D02120,P02120,1
D02121,P02121,0
D02122,P02122,1
D02123,P02123,0
D02124,P02124,1
D02125,P02125,0
D02126,P02126,1
D02127,P02127,0
D02128,P02128,1
D02129,P02129,0
D02130,P02130,1
D02131,P02131,0
D02132,P02132,1
D02133,P02133,0
D02134,P02134,1
D02135,P02135,0
D02136,P02136,1
D02137,P02137,0
D02138,P02138,1
D02139,P02139,0
D02140,P02140,1
D02141,P02141,0
D02142,P02142,1
D02143,P02143,0
D02144,P02144,1
D02145,P02145,0
D02146,P02146,1
D02147,P02147,0
D02148,P02148,1
D02149,P02149,0
D02150,P02150,1
D02151,P02151,0
D02152,P02152,1
D02153,P02153,0
D02154,P02154,1
D02155,P02155,0
D02156,P02156,1
D02157,P02157,0
D02158,P02158,1
D02159,P02159,0
D02160,P02160,1
D02161,P02161,0
D02162,P02162,1
D02163,P02163,0
D02164,P02164,1
D02165,P02165,0
D02166,P02166,1
D02167,P02167,0
D02168,P02168,1
D02169,P02169,0
D02170,P02170,1
D02171,P02171,0
D02172,P02172,1
D02173,P02173,0
D02174,P02174,1
D02175,P02175,0
D02176,P02176,1
D02177,P02177,0
D02178,P02178,1
D02179,P02179,0
D02180,P02180,1
D02181,P02181,0
D02182,P02182,1
D02183,P02183,0
D02184,P02184,1
D02185,P02185,0
D02186,P02186,1
D02187,P02187,0
D02188,P02188,1
D02189,P02189,0
D02190,P02190,1
D02191,P02191,0
D02192,P02192,1
D02193,P02193,0
D02194,P02194,1
D02195,P02195,0
D02196,P02196,1
D02197,P02197,0
D02198,P02198,1
D02199,P02199,0
D02200,P02200,1
D02201,P02201,0
D02202,P02202,1
D02203,P02203,0
D02204,P02204,1
D02205,P02205,0
D02206,P02206,1
D02207,P02207,0
D02208,P02208,1
D02209,P02209,0
D02210,P02210,1
D02211,P02211,0
D02212,P02212,0
D02213,P02213,1
D02214,P02214,0
D02215,P02215,1
D02216,P02216,0
D02217,P02217,1
D02218,P02218,0
D02219,P02219,1
D02220,P02220,0
D02221,P02221,1
D02222,P02222,0
D02223,P02223,1
D02224,P02224,0
D02225,P02225,1
D02226,P02226,0
D02227,P02227,1
D02228,P02228,0
D02229,P02229,1
D02230,P02230,0
D02231,P02231,1
D02232,P02232,0
D02233,P02233,1
D02234,P02234,0
D02235,P02235,1
D02236,P02236,0
D02237,P02237,1
D02238,P02238,0
D02239,P02239,1
D02240,P02240,0
D02241,P02241,1
D02242,P02242,0
D02243,P02243,1
D02244,P02244,0
D02245,P02245,1
D02246,P02246,0
D02247,P02247,1
D02248,P02248,0
D02249,P02249,1
D02250,P02250,0
D02251,P02251,1
D02252,P02252,0
D02253,P02253,1
D02254,P02254,0
D02255,P02255,1
D02256,P02256,0
D02257,P02257,1
D02258,P02258,0
D02259,P02259,1
D02260,P02260,0
D02261,P02261,1
D02262,P02262,0
D02263,P02263,1
D02264,P02264,0
D02265,P02265,1
D02266,P02266,0
D02267,P02267,1
D02268,P02268,0
D02269,P02269,1
D02270,P02270,0
D02271,P02271,1
D02272,P02272,0
D02273,P02273,1
D02274,P02274,0
D02275,P02275,1
D02276,P02276,0
D02277,P02277,1
D02278,P02278,0
D02279,P02279,1
D02280,P02280,0
D02281,P02281,1
D02282,P02282,0
D02283,P02283,1
D02284,P02284,0
D02285,P02285,1
D02286,P02286,0
D02287,P02287,1
D02288,P02288,0
D02289,P02289,1
D02290,P02290,0
D02291,P02291,1
D02292,P02292,0
D02293,P02293,1
D02294,P02294,0
D02295,P02295,1
D02296,P02296,0
D02297,P02297,1
D02298,P02298,0
D02299,P02299,1
D02300,P02300,0
D02301,P02301,1
D02302,P02302,0
D02303,P02303,1
D02304,P02304,0
D02305,P02305,1
D02306,P02306,0
D02307,P02307,1
D02308,P02308,0
D02309,P02309,1
D02310,P02310,0
D02311,P02311,1
D02312,P02312,0
D02313,P02313,1
D02314,P02314,0
D02315,P02315,1
D02316,P02316,0
D02317,P02317,1
D02318,P02318,0
D02319,P02319,1
D02320,P02320,0
D02321,P02321,1
D02322,P02322,0
D02323,P02323,1
D02324,P02324,0
D02325,P02325,1
D02326,P02326,0
D02327,P02327,1
D02328,P02328,0
D02329,P02329,1
D02330,P02330,0
D02331,P02331,1
D02332,P02332,0
D02333,P02333,1
D02334,P02334,0
D02335,P02335,1
D02336,P02336,0
D02337,P02337,1
D02338,P02338,0
D02339,P02339,1
D02340,P02340,0
D02341,P02341,1
D02342,P02342,0
D02343,P02343,1
D02344,P02344,0
D02345,P02345,1
D02346,P02346,0
D02347,P02347,1
D02348,P02348,0
D02349,P02349,1
D02350,P02350,0
D02351,P02351,1
D02352,P02352,0
D02353,P02353,1
D02354,P02354,0
D02355,P02355,1
D02356,P02356,0
D02357,P02357,1
D02358,P02358,0
D02359,P02359,1
D02360,P02360,0
D02361,P02361,1
D02362,P02362,0
D02363,P02363,1
D02364,P02364,0
D02365,P02365,1
D02366,P02366,0
D02367,P02367,1
D02368,P02368,0
D02369,P02369,1
D02370,P02370,0
D02371,P02371,1
D02372,P02372,0
D02373,P02373,1
D02374,P02374,0
D02375,P02375,1
D02376,P02376,0
D02377,P02377,1
D02378,P02378,0
D02379,P02379,1
D02380,P02380,0
D02381,P02381,1
D02382,P02382,0
D02383,P02383,1
D02384,P02384,0
D02385,P02385,1
D02386,P02386,0
D02387,P02387,1
D02388,P02388,0
D02389,P02389,1
D02390,P02390,0
D02391,P02391,1
D02392,P02392,0
D02393,P02393,1
D02394,P02394,0
D02395,P02395,1
D02396,P02396,0
D02397,P02397,1
D02398,P02398,0
D02399,P02399,1
D02400,P02400,0
D02401,P02401,1
D02402,P02402,0
D02403,P02403,1
D02404,P02404,0
D02405,P02405,1
D02406,P02406,0
D02407,P02407,1
D02408,P02408,0
D02409,P02409,1
D02410,P02410,0
D02411,P02411,1
D02412,P02412,0
D02413,P02413,1
D02414,P02414,0
D02415,P02415,1
D02416,P02416,0
D02417,P02417,1
D02418,P02418,0
D02419,P02419,1
D02420,P02420,0
D02421,P02421,1
D02422,P02422,0
D02423,P02423,1
D02424,P02424,0
D02425,P02425,1
D02426,P02426,0
D02427,P02427,1
D02428,P02428,0
D02429,P02429,1
D02430,P02430,0
D02431,P02431,1
D02432,P02432,0
D02433,P02433,1
D02434,P02434,0
D02435,P02435,1
D02436,P02436,0
D02437,P02437,1
D02438,P02438,0
D02439,P02439,1
D02440,P02440,0
D02441,P02441,1
D02442,P02442,0
D02443,P02443,1
D02444,P02444,0
D02445,P02445,1
D02446,P02446,0
D02447,P02447,1
D02448,P02448,0
D02449,P02449,1
D02450,P02450,0
D02451,P02451,1
D02452,P02452,0
D02453,P02453,1
D02454,P02454,0
D02455,P02455,1
D02456,P02456,0
D02457,P02457,1
D02458,P02458,0
D02459,P02459,1
D02460,P02460,0
D02461,P02461,1
D02462,P02462,0
D02463,P02463,1
D02464,P02464,0
D02465,P02465,1
D02466,P02466,0
D02467,P02467,1
D02468,P02468,0
D02469,P02469,1
D02470,P02470,0
D02471,P02471,1
D02472,P02472,0
D02473,P02473,1
D02474,P02474,0
D02475,P02475,1
D02476,P02476,0
D02477,P02477,1
D02478,P02478,0
D02479,P02479,1
D02480,P02480,0
D02481,P02481,1
D02482,P02482,0
D02483,P02483,1
D02484,P02484,0
D02485,P02485,1
D02486,P02486,0
D02487,P02487,1
D02488,P02488,0
D02489,P02489,1
D02490,P02490,0
D02491,P02491,1
D02492,P02492,0
D02493,P02493,1
D02494,P02494,0
D02495,P02495,1
D02496,P02496,0
D02497,P02497,1
D02498,P02498,0
D02499,P02499,1
D02500,P02500,0
D02501,P02501,1
D02502,P02502,0
D02503,P02503,1
D02504,P02504,0
D02505,P02505,1
D02506,P02506,0
D02507,P02507,1
D02508,P02508,0
D02509,P02509,1
D02510,P02510,0
D02511,P02511,1
D02512,P02512,0
D02513,P02513,1
D02514,P02514,0
D02515,P02515,1
D02516,P02516,0
D02517,P02517,1
D02518,P02518,0
D02519,P02519,1
D02520,P02520,0
D02521,P02521,1
D02522,P02522,0
D02523,P02523,1
D02524,P02524,0
D02525,P02525,1
D02526,P02526,0
D02527,P02527,1
D02528,P02528,0
D02529,P02529,1
D02530,P02530,0
D02531,P02531,1
D02532,P02532,0
D02533,P02533,1
D02534,P02534,0
D02535,P02535,1
D02536,P02536,0
D02537,P02537,1
D02538,P02538,0
D02539,P02539,1
D02540,P02540,0
D02541,P02541,1
D02542,P02542,0
D02543,P02543,1
D02544,P02544,0
D02545,P02545,1
D02546,P02546,0
D02547,P02547,1
D02548,P02548,0
D02549,P02549,1
D02550,P02550,0
D02551,P02551,1
D02552,P02552,0
D02553,P02553,1
D02554,P02554,0
D02555,P02555,1
D02556,P02556,0
D02557,P02557,1
D02558,P02558,0
D02559,P02559,1
D02560,P02560,0
D02561,P02561,1
D02562,P02562,0
D02563,P02563,1
D02564,P02564,0
D02565,P02565,1
D02566,P02566,0
D02567,P02567,1
D02568,P02568,0
D02569,P02569,1
D02570,P02570,0
D02571,P02571,1
D02572,P02572,0
D02573,P02573,1
D02574,P02574,0
D02575,P02575,1
D02576,P02576,0
D02577,P02577,1
D02578,P02578,0
D02579,P02579,1
D02580,P02580,0
D02581,P02581,1
D02582,P02582,0
D02583,P02583,1
D02584,P02584,0
D02585,P02585,1
D02586,P02586,0
D02587,P02587,1
D02588,P02588,0
D02589,P02589,1
D02590,P02590,0
D02591,P02591,1
D02592,P02592,0
D02593,P02593,1
D02594,P02594,0
D02595,P02595,1
D02596,P02596,0
D02597,P02597,1
D02598,P02598,0
D02599,P02599,1
D02600,P02600,0
D02601,P02601,1
D02602,P02602,0
D02603,P02603,1
D02604,P02604,0
D02605,P02605,1
D02606,P02606,0
D02607,P02607,1
D02608,P02608,0
D02609,P02609,1
D02610,P02610,0
D02611,P02611,1
D02612,P02612,0
D02613,P02613,1
D02614,P02614,0
D02615,P02615,1
D02616,P02616,0
D02617,P02617,1
D02618,P02618,0
D02619,P02619,1
D02620,P02620,0
D02621,P02621,1
D02622,P02622,0
D02623,P02623,1
D02624,P02624,0
D02625,P02625,1
D02626,P02626,0
D02627,P02627,1
D02628,P02628,0
D02629,P02629,1
D02630,P02630,0
D02631,P02631,1
D02632,P02632,0
D02633,P02633,1
D02634,P02634,0
D02635,P02635,1
D02636,P02636,0
D02637,P02637,1
D02638,P02638,0
D02639,P02639,1
D02640,P02640,0
D02641,P02641,1
D02642,P02642,0
D02643,P02643,1
D02644,P02644,0
D02645,P02645,1
D02646,P02646,0
D02647,P02647,1
D02648,P02648,0
D02649,P02649,1
D02650,P02650,0
D02651,P02651,1
D02652,P02652,0
D02653,P02653,1
D02654,P02654,0
D02655,P02655,1
D02656,P02656,0
D02657,P02657,1
D02658,P02658,0
D02659,P02659,1
D02660,P02660,0
D02661,P02661,1
D02662,P02662,0
D02663,P02663,1
D02664,P02664,0
D02665,P02665,1
D02666,P02666,0
D02667,P02667,1
D02668,P02668,0
D02669,P02669,1
D02670,P02670,0
D02671,P02671,1
D02672,P02672,0
D02673,P02673,1
D02674,P02674,0
D02675,P02675,1
D02676,P02676,0
D02677,P02677,1
D02678,P02678,0
D02679,P02679,1
D02680,P02680,0
D02681,P02681,1
D02682,P02682,0
D02683,P02683,1
D02684,P02684,0
D02685,P02685,1
D02686,P02686,0
D02687,P02687,1
D02688,P02688,0
D02689,P02689,1
D02690,P02690,0
D02691,P02691,1
D02692,P02692,0
D02693,P02693,1
D02694,P02694,0
D02695,P02695,1
D02696,P02696,0
D02697,P02697,1
D02698,P02698,0
D02699,P02699,1
D02700,P02700,0
D02701,P02701,1
D02702,P02702,0
D02703,P02703,1
D02704,P02704,0
D02705,P02705,1
D02706,P02706,0
D02707,P02707,1
D02708,P02708,0
D02709,P02709,1
D02710,P02710,0
D02711,P02711,1
D02712,P02712,0
D02713,P02713,1
D02714,P02714,0
D02715,P02715,1
D02716,P02716,0
D02717,P02717,1
D02718,P02718,0
D02719,P02719,1
D02720,P02720,0
D02721,P02721,1
D02722,P02722,0
D02723,P02723,1
D02724,P02724,0
D02725,P02725,1
D02726,P02726,0
D02727,P02727,1
D02728,P02728,0
D02729,P02729,1
D02730,P02730,0
D02731,P02731,1
D02732,P02732,0
D02733,P02733,1
D02734,P02734,0
D02735,P02735,1
D02736,P02736,0
D02737,P02737,1
D02738,P02738,0
D02739,P02739,1
D02740,P02740,0
D02741,P02741,1
D02742,P02742,0
D02743,P02743,1
D02744,P02744,0
D02745,P02745,1
D02746,P02746,0
D02747,P02747,1
D02748,P02748,0
D02749,P02749,1
D02750,P02750,0
D02751,P02751,1
D02752,P02752,0
D02753,P02753,1
D02754,P02754,0
D02755,P02755,1
D02756,P02756,0
D02757,P02757,1
D02758,P02758,0
D02759,P02759,1
D02760,P02760,0
D02761,P02761,1
D02762,P02762,0
D02763,P02763,1
D02764,P02764,0
D02765,P02765,1
D02766,P02766,0
D02767,P02767,1
D02768,P02768,0
D02769,P02769,1
D02770,P02770,0
D02771,P02771,1
D02772,P02772,0
D02773,P02773,1
D02774,P02774,0
D02775,P02775,1
D02776,P02776,0
D02777,P02777,1
D02778,P02778,0
D02779,P02779,1
D02780,P02780,0
D02781,P02781,1
D02782,P02782,0
D02783,P02783,1
D02784,P02784,0
D02785,P02785,1
D02786,P02786,0
D02787,P02787,1
D02788,P02788,0
D02789,P02789,1
D02790,P02790,0
D02791,P02791,1
D02792,P02792,0
D02793,P02793,1
D02794,P02794,0
D02795,P02795,1
D02796,P02796,0
D02797,P02797,1
D02798,P02798,0
D02799,P02799,1
D02800,P02800,0
D02801,P02801,1
D02802,P02802,0
D02803,P02803,1
D02804,P02804,0
D02805,P02805,1
D02806,P02806,0
D02807,P02807,1
D02808,P02808,0
D02809,P02809,1
D02810,P02810,0
D02811,P02811,1
D02812,P02812,0
D02813,P02813,1
D02814,P02814,0
D02815,P02815,1
D02816,P02816,0
D02817,P02817,1
D02818,P02818,0
D02819,P02819,1
D02820,P02820,0
D02821,P02821,1
D02822,P02822,0
D02823,P02823,1
D02824,P02824,0
D02825,P02825,1
D02826,P02826,0
D02827,P02827,1
D02828,P02828,0
D02829,P02829,1
D02830,P02830,0
D02831,P02831,1
D02832,P02832,0
D02833,P02833,1
D02834,P02834,0
D02835,P02835,1
D02836,P02836,0
D02837,P02837,1
D02838,P02838,0
D02839,P02839,1
D02840,P02840,0
D02841,P02841,1
D02842,P02842,0
D02843,P02843,1
D02844,P02844,0
D02845,P02845,1
D02846,P02846,0
D02847,P02847,1
D02848,P02848,0
D02849,P02849,1
D02850,P02850,0
D02851,P02851,1
D02852,P02852,0
D02853,P02853,1
D02854,P02854,0
D02855,P02855,1
D02856,P02856,0
D02857,P02857,1
D02858,P02858,0
D02859,P02859,1
D02860,P02860,0
D02861,P02861,1
D02862,P02862,0
D02863,P02863,1
D02864,P02864,0
D02865,P02865,1
D02866,P02866,0
D02867,P02867,1
D02868,P02868,0
D02869,P02869,1
D02870,P02870,0
D02871,P02871,1
D02872,P02872,0
D02873,P02873,1
D02874,P02874,0
D02875,P02875,1
D02876,P02876,0
D02877,P02877,1
D02878,P02878,0
D02879,P02879,1
D02880,P02880,0
D02881,P02881,1
D02882,P02882,0
D02883,P02883,1
D02884,P02884,0
D02885,P02885,1
D02886,P02886,0
D02887,P02887,1
D02888,P02888,0
D02889,P02889,1
D02890,P02890,0
D02891,P02891,1
D02892,P02892,0
D02893,P02893,1
D02894,P02894,0
D02895,P02895,1
D02896,P02896,0
D02897,P02897,1
D02898,P02898,0
D02899,P02899,1
D02900,P02900,0
D02901,P02901,1
D02902,P02902,0
D02903,P02903,1
D02904,P02904,0
D02905,P02905,1
D02906,P02906,0
D02907,P02907,1
D02908,P02908,0
D02909,P02909,1
D02910,P02910,0
D02911,P02911,1
D02912,P02912,0
D02913,P02913,1
D02914,P02914,0
D02915,P02915,1
D02916,P02916,0
D02917,P02917,1
D02918,P02918,0
D02919,P02919,1
D02920,P02920,0
D02921,P02921,1
D02922,P02922,0
D02923,P02923,1
D02924,P02924,1
D02925,P02925,0
D02926,P02926,1
D02927,P02927,0
D02928,P02928,1
D02929,P02929,0
D02930,P02930,1
D02931,P02931,0
D02932,P02932,1
D02933,P02933,0
D02934,P02934,1
D02935,P02935,0
D02936,P02936,1
D02937,P02937,0
D02938,P02938,1
D02939,P02939,0
D02940,P02940,1
D02941,P02941,0
D02942,P02942,1
D02943,P02943,0
D02944,P02944,1
D02945,P02945,0
D02946,P02946,1
D02947,P02947,0
D02948,P02948,1
D02949,P02949,0
D02950,P02950,1
D02951,P02951,0
D02952,P02952,1
D02953,P02953,0
D02954,P02954,1
D02955,P02955,0
D02956,P02956,1
D02957,P02957,0
D02958,P02958,1
D02959,P02959,0
D02960,P02960,1
D02961,P02961,0
D02962,P02962,1
D02963,P02963,0
D02964,P02964,1
D02965,P02965,0
D02966,P02966,1
D02967,P02967,0
D02968,P02968,1
D02969,P02969,0
D02970,P02970,1
D02971,P02971,0
D02972,P02972,1
D02973,P02973,0
D02974,P02974,1
D02975,P02975,0
D02976,P02976,1
D02977,P02977,0
D02978,P02978,1
D02979,P02979,0
D02980,P02980,1
D02981,P02981,0
D02982,P02982,1
D02983,P02983,0
D02984,P02984,1
D02985,P02985,0
D02986,P02986,1
D02987,P02987,0
D02988,P02988,1
D02989,P02989,0
D02990,P02990,1
D02991,P02991,0
D02992,P02992,1
D02993,P02993,0
D02994,P02994,1
D02995,P02995,0
D02996,P02996,1
D02997,P02997,0
D02998,P02998,1
D02999,P02999,0
D03000,P03000,1
D03001,P03001,0
D03002,P03002,1
D03003,P03003,0
D03004,P03004,1
D03005,P03005,0
D03006,P03006,1
D03007,P03007,0
D03008,P03008,1
D03009,P03009,0
D03010,P03010,1
D03011,P03011,0
D03012,P03012,1
D03013,P03013,0
D03014,P03014,1
D03015,P03015,0
D03016,P03016,1
D03017,P03017,0
D03018,P03018,1
D03019,P03019,0
D03020,P03020,1
D03021,P03021,0
D03022,P03022,1
D03023,P03023,0
D03024,P03024,1
D03025,P03025,0
D03026,P03026,1
D03027,P03027,0
D03028,P03028,1
D03029,P03029,0
D03030,P03030,1
D03031,P03031,0
D03032,P03032,1
D03033,P03033,0
D03034,P03034,1
D03035,P03035,0
D03036,P03036,1
D03037,P03037,0
D03038,P03038,1
D03039,P03039,0
D03040,P03040,1
D03041,P03041,0
D03042,P03042,1
D03043,P03043,0
D03044,P03044,1
D03045,P03045,0
D03046,P03046,1
D03047,P03047,0
D03048,P03048,1
D03049,P03049,0
D03050,P03050,1
D03051,P03051,0
D03052,P03052,1
D03053,P03053,0
D03054,P03054,1
D03055,P03055,0
D03056,P03056,1
D03057,P03057,0
D03058,P03058,1
D03059,P03059,0
D03060,P03060,1
D03061,P03061,0
D03062,P03062,1
D03063,P03063,0
D03064,P03064,1
D03065,P03065,0
D03066,P03066,1
D03067,P03067,0
D03068,P03068,1
D03069,P03069,0
D03070,P03070,1
D03071,P03071,0
D03072,P03072,1
D03073,P03073,0
D03074,P03074,1
D03075,P03075,0
D03076,P03076,1
D03077,P03077,0
D03078,P03078,1
D03079,P03079,0
D03080,P03080,1
D03081,P03081,0
D03082,P03082,1
D03083,P03083,0
D03084,P03084,1
D03085,P03085,0
D03086,P03086,1
D03087,P03087,0
D03088,P03088,1
D03089,P03089,0
D03090,P03090,1
D03091,P03091,0
D03092,P03092,1
D03093,P03093,0
D03094,P03094,1
D03095,P03095,0
D03096,P03096,1
D03097,P03097,0
D03098,P03098,1
D03099,P03099,0
D03100,P03100,1
D03101,P03101,0
D03102,P03102,1
D03103,P03103,0
D03104,P03104,1
D03105,P03105,0
D03106,P03106,1
D03107,P03107,0
D03108,P03108,1
D03109,P03109,0
D03110,P03110,1
D03111,P03111,0
D03112,P03112,1
D03113,P03113,0
D03114,P03114,1
D03115,P03115,0
D03116,P03116,1
D03117,P03117,0
D03118,P03118,1
D03119,P03119,0
D03120,P03120,1
D03121,P03121,0
D03122,P03122,1
D03123,P03123,0
D03124,P03124,1
D03125,P03125,0
D03126,P03126,1
D03127,P03127,0
D03128,P03128,1
D03129,P03129,0
D03130,P03130,1
D03131,P03131,0
D03132,P03132,1
D03133,P03133,0
D03134,P03134,1
D03135,P03135,0
D03136,P03136,1
D03137,P03137,0
D03138,P03138,1
D03139,P03139,0
D03140,P03140,1
D03141,P03141,0
D03142,P03142,1
D03143,P03143,0
D03144,P03144,1
D03145,P03145,0
D03146,P03146,1
D03147,P03147,0
D03148,P03148,1
D03149,P03149,0
D03150,P03150,1
D03151,P03151,0
D03152,P03152,1
D03153,P03153,0
D03154,P03154,1
D03155,P03155,0
D03156,P03156,1
D03157,P03157,0
D03158,P03158,1
D03159,P03159,0
D03160,P03160,1
D03161,P03161,0
D03162,P03162,1
D03163,P03163,0
D03164,P03164,1
D03165,P03165,0
D03166,P03166,1
D03167,P03167,0
D03168,P03168,1
D03169,P03169,0
D03170,P03170,1
D03171,P03171,0
D03172,P03172,1
D03173,P03173,0
D03174,P03174,1
D03175,P03175,0
D03176,P03176,1
D03177,P03177,0
D03178,P03178,1
D03179,P03179,0
D03180,P03180,1
D03181,P03181,0
D03182,P03182,1
D03183,P03183,0
D03184,P03184,1
D03185,P03185,0
D03186,P03186,1
D03187,P03187,0
D03188,P03188,1
D03189,P03189,0
D03190,P03190,1
D03191,P03191,0
D03192,P03192,1
D03193,P03193,0
D03194,P03194,1
D03195,P03195,0
D03196,P03196,1
D03197,P03197,0
D03198,P03198,1
D03199,P03199,0
D03200,P03200,1
D03201,P03201,0
D03202,P03202,1
D03203,P03203,0
D03204,P03204,1
D03205,P03205,0
D03206,P03206,1
D03207,P03207,0
D03208,P03208,1
D03209,P03209,0
D03210,P03210,1
D03211,P03211,0
D03212,P03212,1
D03213,P03213,0
D03214,P03214,1
D03215,P03215,0
D03216,P03216,1
D03217,P03217,0
D03218,P03218,1
D03219,P03219,0
D03220,P03220,1
D03221,P03221,0
D03222,P03222,1
D03223,P03223,0
D03224,P03224,1
D03225,P03225,0
D03226,P03226,1
D03227,P03227,0
D03228,P03228,1
D03229,P03229,0
D03230,P03230,1
D03231,P03231,0
D03232,P03232,1
D03233,P03233,0
D03234,P03234,1
D03235,P03235,0
D03236,P03236,1
D03237,P03237,0
D03238,P03238,1
D03239,P03239,0
D03240,P03240,1
D03241,P03241,0
D03242,P03242,1
D03243,P03243,0
D03244,P03244,1
D03245,P03245,0
D03246,P03246,1
D03247,P03247,0
D03248,P03248,1
D03249,P03249,0
D03250,P03250,1
D03251,P03251,0
D03252,P03252,1
D03253,P03253,0
D03254,P03254,1
D03255,P03255,0
D03256,P03256,1
D03257,P03257,0
D03258,P03258,1
D03259,P03259,0
D03260,P03260,1
D03261,P03261,0
D03262,P03262,1
D03263,P03263,0
D03264,P03264,1
D03265,P03265,0
D03266,P03266,1
D03267,P03267,0
D03268,P03268,1
D03269,P03269,0
D03270,P03270,1
D03271,P03271,0
D03272,P03272,1
D03273,P03273,0
D03274,P03274,1
D03275,P03275,0
D03276,P03276,1
D03277,P03277,0
D03278,P03278,1
D03279,P03279,0
D03280,P03280,1
D03281,P03281,0
D03282,P03282,1
D03283,P03283,0
D03284,P03284,1
D03285,P03285,0
D03286,P03286,1
D03287,P03287,0
D03288,P03288,1
D03289,P03289,0
D03290,P03290,1
D03291,P03291,0
D03292,P03292,1
D03293,P03293,0
D03294,P03294,1
D03295,P03295,0
D03296,P03296,1
D03297,P03297,0
D03298,P03298,1
D03299,P03299,0
D03300,P03300,1
D03301,P03301,0
D03302,P03302,1
D03303,P03303,0
D03304,P03304,1
D03305,P03305,0
D03306,P03306,1
D03307,P03307,0
D03308,P03308,1
D03309,P03309,0
D03310,P03310,1
D03311,P03311,0
D03312,P03312,1
D03313,P03313,0
D03314,P03314,1
D03315,P03315,0
D03316,P03316,1
D03317,P03317,0
D03318,P03318,1
D03319,P03319,0
D03320,P03320,1
D03321,P03321,0
D03322,P03322,1
D03323,P03323,0
D03324,P03324,1
D03325,P03325,0
D03326,P03326,1
D03327,P03327,0
D03328,P03328,1
D03329,P03329,0
D03330,P03330,1
D03331,P03331,0
D03332,P03332,1
D03333,P03333,0
D03334,P03334,1
D03335,P03335,0
D03336,P03336,1
D03337,P03337,0
D03338,P03338,1
D03339,P03339,0
D03340,P03340,1
D03341,P03341,0
D03342,P03342,1
D03343,P03343,0
D03344,P03344,1
D03345,P03345,0
D03346,P03346,1
D03347,P03347,0
D03348,P03348,1
D03349,P03349,0
D03350,P03350,1
D03351,P03351,0
D03352,P03352,1
D03353,P03353,0
D03354,P03354,1
D03355,P03355,0
D03356,P03356,1
D03357,P03357,0
D03358,P03358,1
D03359,P03359,0
D03360,P03360,1
D03361,P03361,0
D03362,P03362,1
D03363,P03363,0
D03364,P03364,1
D03365,P03365,0
D03366,P03366,1
D03367,P03367,0
D03368,P03368,1
D03369,P03369,0
D03370,P03370,1
D03371,P03371,0
D03372,P03372,1
D03373,P03373,0
D03374,P03374,1
D03375,P03375,0
D03376,P03376,1
D03377,P03377,0
D03378,P03378,1
D03379,P03379,0
D03380,P03380,1
D03381,P03381,0
D03382,P03382,1
D03383,P03383,0
D03384,P03384,1
D03385,P03385,0
D03386,P03386,1
D03387,P03387,0
D03388,P03388,1
D03389,P03389,0
D03390,P03390,1
D03391,P03391,0
D03392,P03392,1
D03393,P03393,0
D03394,P03394,1
D03395,P03395,0
D03396,P03396,1
D03397,P03397,0
D03398,P03398,1
D03399,P03399,0
D03400,P03400,1
D03401,P03401,0
D03402,P03402,1
D03403,P03403,0
D03404,P03404,1
D03405,P03405,0
D03406,P03406,1
D03407,P03407,0
D03408,P03408,1
D03409,P03409,0
D03410,P03410,1
D03411,P03411,0
D03412,P03412,1
D03413,P03413,0
D03414,P03414,1
D03415,P03415,0
D03416,P03416,1
D03417,P03417,0
D03418,P03418,1
D03419,P03419,0
D03420,P03420,1
D03421,P03421,0
D03422,P03422,1
D03423,P03423,0
D03424,P03424,1
D03425,P03425,0
D03426,P03426,1
D03427,P03427,0
D03428,P03428,1
D03429,P03429,0
D03430,P03430,1
D03431,P03431,0
D03432,P03432,1
D03433,P03433,0
D03434,P03434,1
D03435,P03435,0
D03436,P03436,1
D03437,P03437,0
D03438,P03438,1
D03439,P03439,0
D03440,P03440,1
D03441,P03441,0
D03442,P03442,1
D03443,P03443,0
D03444,P03444,1
D03445,P03445,0
D03446,P03446,1
D03447,P03447,0
D03448,P03448,1
D03449,P03449,0
D03450,P03450,1
D03451,P03451,0
D03452,P03452,1
D03453,P03453,0
D03454,P03454,1
D03455,P03455,0
D03456,P03456,1
D03457,P03457,0
D03458,P03458,1
D03459,P03459,0
D03460,P03460,1
D03461,P03461,0
D03462,P03462,1
D03463,P03463,0
D03464,P03464,1
D03465,P03465,0
D03466,P03466,1
D03467,P03467,0
D03468,P03468,1
D03469,P03469,0
D03470,P03470,1
D03471,P03471,0
D03472,P03472,1
D03473,P03473,0
D03474,P03474,1
D03475,P03475,0
D03476,P03476,1
D03477,P03477,0
D03478,P03478,1
D03479,P03479,0
D03480,P03480,1
D03481,P03481,0
D03482,P03482,1
D03483,P03483,0
D03484,P03484,1
D03485,P03485,0
D03486,P03486,1
D03487,P03487,0
D03488,P03488,1
D03489,P03489,0
D03490,P03490,1
D03491,P03491,0
D03492,P03492,1
D03493,P03493,0
D03494,P03494,1
D03495,P03495,0
D03496,P03496,1
D03497,P03497,0
D03498,P03498,1
D03499,P03499,0
D03500,P03500,1
D03501,P03501,0
D03502,P03502,1
D03503,P03503,0
D03504,P03504,1
D03505,P03505,0
D03506,P03506,1
D03507,P03507,0
D03508,P03508,1
D03509,P03509,0
D03510,P03510,1
D03511,P03511,0
D03512,P03512,1
D03513,P03513,0
D03514,P03514,1
D03515,P03515,0
D03516,P03516,1
D03517,P03517,0
D03518,P03518,1
D03519,P03519,0
D03520,P03520,1
D03521,P03521,0
D03522,P03522,1
D03523,P03523,0
D03524,P03524,1
D03525,P03525,0
D03526,P03526,1
D03527,P03527,0
D03528,P03528,1
D03529,P03529,0
D03530,P03530,1
D03531,P03531,0
D03532,P03532,1
D03533,P03533,0
D03534,P03534,1
D03535,P03535,0
D03536,P03536,1
D03537,P03537,0
D03538,P03538,1
D03539,P03539,0
D03540,P03540,1
D03541,P03541,0
D03542,P03542,1
D03543,P03543,0
D03544,P03544,1
D03545,P03545,0
D03546,P03546,1
D03547,P03547,0
D03548,P03548,1
D03549,P03549,0
D03550,P03550,1
D03551,P03551,0
D03552,P03552,1
D03553,P03553,0
D03554,P03554,1
D03555,P03555,0
D03556,P03556,1
D03557,P03557,0
D03558,P03558,1
D03559,P03559,0
D03560,P03560,1
D03561,P03561,0
D03562,P03562,1
D03563,P03563,0
D03564,P03564,1
D03565,P03565,0
D03566,P03566,1
D03567,P03567,0
D03568,P03568,1
D03569,P03569,0
D03570,P03570,1
D03571,P03571,0
D03572,P03572,1
D03573,P03573,0
D03574,P03574,1
D03575,P03575,0
D03576,P03576,1
D03577,P03577,0
D03578,P03578,1
D03579,P03579,0
D03580,P03580,1
D03581,P03581,0
D03582,P03582,1
D03583,P03583,0
D03584,P03584,1
D03585,P03585,0
D03586,P03586,1
D03587,P03587,0
D03588,P03588,1
D03589,P03589,0
D03590,P03590,1
D03591,P03591,0
D03592,P03592,1
D03593,P03593,0
D03594,P03594,1
D03595,P03595,0
D03596,P03596,1
D03597,P03597,0
D03598,P03598,1
D03599,P03599,0
D03600,P03600,1
D03601,P03601,0
D03602,P03602,1
D03603,P03603,0
D03604,P03604,1
D03605,P03605,0
D03606,P03606,1
D03607,P03607,0
D03608,P03608,1
D03609,P03609,0
D03610,P03610,1
D03611,P03611,0
D03612,P03612,1
D03613,P03613,0
D03614,P03614,1
D03615,P03615,0
D03616,P03616,1
D03617,P03617,0
D03618,P03618,1
D03619,P03619,0
D03620,P03620,1
D03621,P03621,0
D03622,P03622,1
D03623,P03623,0
D03624,P03624,1
D03625,P03625,0
D03626,P03626,1
D03627,P03627,0
D03628,P03628,1
D03629,P03629,0
D03630,P03630,1
D03631,P03631,0
D03632,P03632,1
D03633,P03633,0
D03634,P03634,1
D03635,P03635,0
D03636,P03636,1
D03637,P03637,0
D03638,P03638,1
D03639,P03639,0
D03640,P03640,1
D03641,P03641,0
D03642,P03642,1
D03643,P03643,0
D03644,P03644,1
D03645,P03645,0
D03646,P03646,1
D03647,P03647,0
D03648,P03648,1
D03649,P03649,0
D03650,P03650,1
D03651,P03651,0
D03652,P03652,1
D03653,P03653,0
D03654,P03654,1
D03655,P03655,0
D03656,P03656,1
D03657,P03657,0
D03658,P03658,1
D03659,P03659,0
D03660,P03660,1
D03661,P03661,0
D03662,P03662,1
D03663,P03663,0
D03664,P03664,1
D03665,P03665,0
D03666,P03666,1
D03667,P03667,0
D03668,P03668,1
D03669,P03669,0
D03670,P03670,1
D03671,P03671,0
D03672,P03672,1
D03673,P03673,0
D03674,P03674,1
D03675,P03675,0
D03676,P03676,1
D03677,P03677,0
D03678,P03678,1
D03679,P03679,0
D03680,P03680,1
D03681,P03681,0
D03682,P03682,1
D03683,P03683,0
D03684,P03684,1
D03685,P03685,0
D03686,P03686,1
D03687,P03687,0
D03688,P03688,1
D03689,P03689,0
D03690,P03690,1
D03691,P03691,0
D03692,P03692,1
D03693,P03693,0
D03694,P03694,1
D03695,P03695,0
D03696,P03696,1
D03697,P03697,0
D03698,P03698,1
D03699,P03699,0
D03700,P03700,1
D03701,P03701,0
D03702,P03702,1
D03703,P03703,0
D03704,P03704,1
D03705,P03705,0
D03706,P03706,1
D03707,P03707,0
D03708,P03708,1
D03709,P03709,0
D03710,P03710,1
D03711,P03711,0
D03712,P03712,1
D03713,P03713,0
D03714,P03714,1
D03715,P03715,0
D03716,P03716,1
D03717,P03717,0
D03718,P03718,1
D03719,P03719,0
D03720,P03720,1
D03721,P03721,0
D03722,P03722,1
D03723,P03723,0
D03724,P03724,1
D03725,P03725,0
D03726,P03726,1
D03727,P03727,0
D03728,P03728,1
D03729,P03729,0
D03730,P03730,1
D03731,P03731,0
D03732,P03732,1
D03733,P03733,0
D03734,P03734,1
D03735,P03735,0
D03736,P03736,1
D03737,P03737,0
D03738,P03738,1
D03739,P03739,0
D03740,P03740,1
D03741,P03741,0
D03742,P03742,1
D03743,P03743,0
D03744,P03744,1
D03745,P03745,0
D03746,P03746,1
D03747,P03747,0
D03748,P03748,1
D03749,P03749,0
D03750,P03750,1
D03751,P03751,0
D03752,P03752,1
D03753,P03753,0
D03754,P03754,1
D03755,P03755,0
D03756,P03756,1
D03757,P03757,0
D03758,P03758,1
D03759,P03759,0
D03760,P03760,1
D03761,P03761,0
D03762,P03762,1
D03763,P03763,0
D03764,P03764,1
D03765,P03765,0
D03766,P03766,1
D03767,P03767,0
D03768,P03768,1
D03769,P03769,0
D03770,P03770,1
D03771,P03771,0
D03772,P03772,1
D03773,P03773,0
D03774,P03774,1
D03775,P03775,0
D03776,P03776,1
D03777,P03777,0
D03778,P03778,1
D03779,P03779,0
D03780,P03780,1
D03781,P03781,0
D03782,P03782,1
D03783,P03783,0
D03784,P03784,1
D03785,P03785,0
D03786,P03786,1
D03787,P03787,0
D03788,P03788,1
D03789,P03789,0
D03790,P03790,1
D03791,P03791,0
D03792,P03792,1
D03793,P03793,0
D03794,P03794,1
D03795,P03795,0
D03796,P03796,1
D03797,P03797,0
D03798,P03798,1
D03799,P03799,0
D03800,P03800,1
D03801,P03801,0
D03802,P03802,1
D03803,P03803,0
D03804,P03804,1
D03805,P03805,0
D03806,P03806,1
D03807,P03807,0
D03808,P03808,1
D03809,P03809,0
D03810,P03810,1
D03811,P03811,0
D03812,P03812,1
D03813,P03813,0
D03814,P03814,1
D03815,P03815,0
D03816,P03816,1
D03817,P03817,0
D03818,P03818,1
D03819,P03819,0
D03820,P03820,1
D03821,P03821,0
D03822,P03822,1
D03823,P03823,0
D03824,P03824,1
D03825,P03825,0
D03826,P03826,1
D03827,P03827,0
D03828,P03828,1
D03829,P03829,0
D03830,P03830,1
D03831,P03831,0
D03832,P03832,1
D03833,P03833,0
D03834,P03834,1
D03835,P03835,0
D03836,P03836,1
D03837,P03837,0
D03838,P03838,1
D03839,P03839,0
D03840,P03840,1
D03841,P03841,0
D03842,P03842,1
D03843,P03843,0
D03844,P03844,1
D03845,P03845,0
D03846,P03846,1
D03847,P03847,0
D03848,P03848,1
D03849,P03849,0
D03850,P03850,1
D03851,P03851,0
D03852,P03852,1
D03853,P03853,0
D03854,P03854,1
D03855,P03855,0
D03856,P03856,1
D03857,P03857,0
D03858,P03858,1
D03859,P03859,0
D03860,P03860,1
D03861,P03861,0
D03862,P03862,1
D03863,P03863,0
D03864,P03864,1
D03865,P03865,0
D03866,P03866,0
D03867,P03867,1
D03868,P03868,0
D03869,P03869,1
D03870,P03870,0
D03871,P03871,1
D03872,P03872,0
D03873,P03873,1
D03874,P03874,0
D03875,P03875,1
D03876,P03876,0
D03877,P03877,1
D03878,P03878,0
D03879,P03879,1
D03880,P03880,0
D03881,P03881,1
D03882,P03882,0
D03883,P03883,1
D03884,P03884,0
D03885,P03885,1
D03886,P03886,0
D03887,P03887,1
D03888,P03888,0
D03889,P03889,1
D03890,P03890,0
D03891,P03891,1
D03892,P03892,0
D03893,P03893,1
D03894,P03894,0
D03895,P03895,1
D03896,P03896,0
D03897,P03897,1
D03898,P03898,0
D03899,P03899,1
D03900,P03900,0
D03901,P03901,1
D03902,P03902,0
D03903,P03903,1
D03904,P03904,0
D03905,P03905,1
D03906,P03906,0
D03907,P03907,1
D03908,P03908,0
D03909,P03909,1
D03910,P03910,0
D03911,P03911,1
D03912,P03912,0
D03913,P03913,1
D03914,P03914,0
D03915,P03915,1
D03916,P03916,0
D03917,P03917,1
D03918,P03918,0
D03919,P03919,1
D03920,P03920,0
D03921,P03921,1
D03922,P03922,0
D03923,P03923,1
D03924,P03924,0
D03925,P03925,1
D03926,P03926,0
D03927,P03927,1
D03928,P03928,0
D03929,P03929,1
D03930,P03930,0
D03931,P03931,1
D03932,P03932,0
D03933,P03933,1
D03934,P03934,0
D03935,P03935,1
D03936,P03936,0
D03937,P03937,1
D03938,P03938,0
D03939,P03939,1
D03940,P03940,0
D03941,P03941,1
D03942,P03942,0
D03943,P03943,1
D03944,P03944,0
D03945,P03945,1
D03946,P03946,0
D03947,P03947,1
D03948,P03948,0
D03949,P03949,1
D03950,P03950,0
D03951,P03951,1
D03952,P03952,0
D03953,P03953,1
D03954,P03954,0
D03955,P03955,1
D03956,P03956,0
D03957,P03957,1
D03958,P03958,0
D03959,P03959,1
D03960,P03960,0
D03961,P03961,1
D03962,P03962,0
D03963,P03963,1
D03964,P03964,0
D03965,P03965,1
D03966,P03966,0
D03967,P03967,1
D03968,P03968,0
D03969,P03969,1
D03970,P03970,0
D03971,P03971,1
D03972,P03972,0
D03973,P03973,1
D03974,P03974,0
D03975,P03975,1
D03976,P03976,0
D03977,P03977,1
D03978,P03978,0
D03979,P03979,1
D03980,P03980,0
D03981,P03981,1
D03982,P03982,0
D03983,P03983,1
D03984,P03984,0
D03985,P03985,1
D03986,P03986,0
D03987,P03987,1
D03988,P03988,0
D03989,P03989,1
D03990,P03990,0
D03991,P03991,1
D03992,P03992,0
D03993,P03993,1
D03994,P03994,0
D03995,P03995,1
D03996,P03996,0
D03997,P03997,1
D03998,P03998,0
D03999,P03999,1
D04000,P04000,0
D04001,P04001,1
D04002,P04002,0
D04003,P04003,1
D04004,P04004,0
D04005,P04005,1
D04006,P04006,0
D04007,P04007,1
D04008,P04008,0
D04009,P04009,1
D04010,P04010,0
D04011,P04011,1
D04012,P04012,0
D04013,P04013,1
D04014,P04014,0
D04015,P04015,1
D04016,P04016,0
D04017,P04017,1
D04018,P04018,0
D04019,P04019,1
D04020,P04020,0
D04021,P04021,1
D04022,P04022,0
D04023,P04023,1
D04024,P04024,0
D04025,P04025,1
D04026,P04026,0
D04027,P04027,1
D04028,P04028,0
D04029,P04029,1
D04030,P04030,0
D04031,P04031,1
D04032,P04032,0
D04033,P04033,1
D04034,P04034,0
D04035,P04035,1
D04036,P04036,0
D04037,P04037,1
D04038,P04038,0
D04039,P04039,1
D04040,P04040,0
D04041,P04041,1
D04042,P04042,0
D04043,P04043,1
D04044,P04044,0
D04045,P04045,1
D04046,P04046,0
D04047,P04047,1
D04048,P04048,0
D04049,P04049,1
D04050,P04050,0
D04051,P04051,1
D04052,P04052,0
D04053,P04053,1
D04054,P04054,0
D04055,P04055,1
D04056,P04056,0
D04057,P04057,1
D04058,P04058,0
D04059,P04059,1
D04060,P04060,0
D04061,P04061,1
D04062,P04062,0
D04063,P04063,1
D04064,P04064,0
D04065,P04065,1
D04066,P04066,0
D04067,P04067,1
D04068,P04068,0
D04069,P04069,1
D04070,P04070,0
D04071,P04071,1
D04072,P04072,0
D04073,P04073,1
D04074,P04074,0
D04075,P04075,1
D04076,P04076,0
D04077,P04077,1
D04078,P04078,0
D04079,P04079,1
D04080,P04080,0
D04081,P04081,1
D04082,P04082,0
D04083,P04083,1
D04084,P04084,0
D04085,P04085,1
D04086,P04086,0
D04087,P04087,1
D04088,P04088,0
D04089,P04089,1
D04090,P04090,0
D04091,P04091,1
D04092,P04092,0
D04093,P04093,1
D04094,P04094,0
D04095,P04095,1
D04096,P04096,0
D04097,P04097,1
D04098,P04098,0
D04099,P04099,1
D04100,P04100,0
D04101,P04101,1
D04102,P04102,0
D04103,P04103,1
D04104,P04104,0
D04105,P04105,1
D04106,P04106,0
D04107,P04107,1
D04108,P04108,0
D04109,P04109,1
D04110,P04110,0
D04111,P04111,1
D04112,P04112,0
D04113,P04113,1
D04114,P04114,0
D04115,P04115,1
D04116,P04116,0
D04117,P04117,1
D04118,P04118,0
D04119,P04119,1
D04120,P04120,0
D04121,P04121,1
D04122,P04122,0
D04123,P04123,1
D04124,P04124,0
D04125,P04125,1
D04126,P04126,0
D04127,P04127,1
D04128,P04128,0
D04129,P04129,1
D04130,P04130,0
D04131,P04131,1
D04132,P04132,0
D04133,P04133,1
D04134,P04134,0
D04135,P04135,1
D04136,P04136,0
D04137,P04137,1
D04138,P04138,0
D04139,P04139,1
D04140,P04140,0
D04141,P04141,1
D04142,P04142,0
D04143,P04143,1
D04144,P04144,0
D04145,P04145,1
D04146,P04146,0
D04147,P04147,1
D04148,P04148,0
D04149,P04149,1
D04150,P04150,0
D04151,P04151,1
D04152,P04152,0
D04153,P04153,1
D04154,P04154,0
D04155,P04155,1
D04156,P04156,0
D04157,P04157,1
D04158,P04158,0
D04159,P04159,1
D04160,P04160,0
D04161,P04161,1
D04162,P04162,0
D04163,P04163,1
D04164,P04164,0
D04165,P04165,1
D04166,P04166,0
D04167,P04167,1
D04168,P04168,0
D04169,P04169,1
D04170,P04170,0
D04171,P04171,1
D04172,P04172,0
D04173,P04173,1
D04174,P04174,0
D04175,P04175,1
D04176,P04176,0
D04177,P04177,1
D04178,P04178,0
D04179,P04179,1
D04180,P04180,0
D04181,P04181,1
D04182,P04182,0
D04183,P04183,1
D04184,P04184,0
D04185,P04185,1
D04186,P04186,0
D04187,P04187,1
D04188,P04188,0
D04189,P04189,1
D04190,P04190,0
D04191,P04191,1
D04192,P04192,0
D04193,P04193,1
D04194,P04194,0
D04195,P04195,1
D04196,P04196,0
D04197,P04197,1
D04198,P04198,0
D04199,P04199,1
D04200,P04200,0
D04201,P04201,1
D04202,P04202,0
D04203,P04203,1
D04204,P04204,0
D04205,P04205,1
D04206,P04206,0
D04207,P04207,1
D04208,P04208,0
D04209,P04209,1
D04210,P04210,0
D04211,P04211,1
D04212,P04212,0
D04213,P04213,1
D04214,P04214,0
D04215,P04215,1
D04216,P04216,0
D04217,P04217,1
D04218,P04218,0
D04219,P04219,1
D04220,P04220,0
D04221,P04221,1
D04222,P04222,0
D04223,P04223,1
D04224,P04224,0
D04225,P04225,1
D04226,P04226,0
D04227,P04227,1
D04228,P04228,0
D04229,P04229,1
D04230,P04230,0
D04231,P04231,1
D04232,P04232,0
D04233,P04233,1
D04234,P04234,0
D04235,P04235,1
D04236,P04236,0
D04237,P04237,1
D04238,P04238,0
D04239,P04239,1
D04240,P04240,0
D04241,P04241,1
D04242,P04242,0
D04243,P04243,1
D04244,P04244,0
D04245,P04245,1
D04246,P04246,0
D04247,P04247,1
D04248,P04248,0
D04249,P04249,1
D04250,P04250,0
D04251,P04251,1
D04252,P04252,0
D04253,P04253,1
D04254,P04254,0
D04255,P04255,1
D04256,P04256,0
D04257,P04257,1
D04258,P04258,0
D04259,P04259,1
D04260,P04260,0
D04261,P04261,1
D04262,P04262,0
D04263,P04263,1
D04264,P04264,0
D04265,P04265,1
D04266,P04266,0
D04267,P04267,1
D04268,P04268,0
D04269,P04269,1
D04270,P04270,0
D04271,P04271,1
D04272,P04272,0
D04273,P04273,1
D04274,P04274,0
D04275,P04275,1
D04276,P04276,0
D04277,P04277,1
D04278,P04278,0
D04279,P04279,1
D04280,P04280,0
D04281,P04281,1
D04282,P04282,0
D04283,P04283,1
D04284,P04284,0
D04285,P04285,1
D04286,P04286,0
D04287,P04287,1
D04288,P04288,0
D04289,P04289,1
D04290,P04290,0
D04291,P04291,1
D04292,P04292,0
D04293,P04293,1
D04294,P04294,0
D04295,P04295,1
D04296,P04296,0
D04297,P04297,1
D04298,P04298,0
D04299,P04299,1
D04300,P04300,0
D04301,P04301,1
D04302,P04302,0
D04303,P04303,1
D04304,P04304,0
D04305,P04305,1
D04306,P04306,0
D04307,P04307,1
D04308,P04308,0
D04309,P04309,1
D04310,P04310,0
D04311,P04311,1
D04312,P04312,0
D04313,P04313,1
D04314,P04314,0
D04315,P04315,1
D04316,P04316,0
D04317,P04317,1
D04318,P04318,0
D04319,P04319,1
D04320,P04320,0
D04321,P04321,1
D04322,P04322,0
D04323,P04323,1
D04324,P04324,0
D04325,P04325,1
D04326,P04326,0
D04327,P04327,1
D04328,P04328,0
D04329,P04329,1
D04330,P04330,0
D04331,P04331,1
D04332,P04332,0
D04333,P04333,1
D04334,P04334,0
D04335,P04335,1
D04336,P04336,0
D04337,P04337,1
D04338,P04338,0
D04339,P04339,1
D04340,P04340,0
D04341,P04341,1
D04342,P04342,0
D04343,P04343,1
D04344,P04344,0
D04345,P04345,1
D04346,P04346,0
D04347,P04347,1
D04348,P04348,0
D04349,P04349,1
D04350,P04350,0
D04351,P04351,1
D04352,P04352,0
D04353,P04353,1
D04354,P04354,0
D04355,P04355,1
D04356,P04356,0
D04357,P04357,1
D04358,P04358,0
D04359,P04359,1
D04360,P04360,0
D04361,P04361,1
D04362,P04362,0
D04363,P04363,1
D04364,P04364,0
D04365,P04365,1
D04366,P04366,0
D04367,P04367,1
D04368,P04368,0
D04369,P04369,1
D04370,P04370,0
D04371,P04371,1
D04372,P04372,0
D04373,P04373,1
D04374,P04374,0
D04375,P04375,1
D04376,P04376,0
D04377,P04377,1
D04378,P04378,0
D04379,P04379,1
D04380,P04380,0
D04381,P04381,1
D04382,P04382,0
D04383,P04383,1
D04384,P04384,0
D04385,P04385,1
D04386,P04386,0
D04387,P04387,1
D04388,P04388,0
D04389,P04389,1
D04390,P04390,0
D04391,P04391,1
D04392,P04392,0
D04393,P04393,1
D04394,P04394,0
D04395,P04395,1
D04396,P04396,0
D04397,P04397,1
D04398,P04398,0
D04399,P04399,1
D04400,P04400,0
D04401,P04401,1
D04402,P04402,0
D04403,P04403,1
D04404,P04404,0
D04405,P04405,1
D04406,P04406,0
D04407,P04407,1
D04408,P04408,0
D04409,P04409,1
D04410,P04410,0
D04411,P04411,1
D04412,P04412,0
D04413,P04413,1
D04414,P04414,0
D04415,P04415,1
D04416,P04416,0
D04417,P04417,1
D04418,P04418,0
D04419,P04419,1
D04420,P04420,0
D04421,P04421,1
D04422,P04422,0
D04423,P04423,1
D04424,P04424,0
D04425,P04425,1
D04426,P04426,0
D04427,P04427,1
D04428,P04428,0
D04429,P04429,1
D04430,P04430,0
D04431,P04431,1
D04432,P04432,0
D04433,P04433,1
D04434,P04434,0
D04435,P04435,1
D04436,P04436,0
D04437,P04437,1
D04438,P04438,0
D04439,P04439,1
D04440,P04440,0
D04441,P04441,1
D04442,P04442,0
D04443,P04443,1
D04444,P04444,0
D04445,P04445,1
D04446,P04446,0
D04447,P04447,1
D04448,P04448,0
D04449,P04449,1
D04450,P04450,0
D04451,P04451,1
D04452,P04452,0
D04453,P04453,1
D04454,P04454,0
D04455,P04455,1
D04456,P04456,0
D04457,P04457,1
D04458,P04458,0
D04459,P04459,1
D04460,P04460,0
D04461,P04461,1
D04462,P04462,0
D04463,P04463,1
D04464,P04464,0
D04465,P04465,1
D04466,P04466,0
D04467,P04467,1
D04468,P04468,0
D04469,P04469,1
D04470,P04470,0
D04471,P04471,1
D04472,P04472,0
D04473,P04473,1
D04474,P04474,0
D04475,P04475,1
D04476,P04476,0
D04477,P04477,1
D04478,P04478,0
D04479,P04479,1
D04480,P04480,0
D04481,P04481,1
D04482,P04482,0
D04483,P04483,1
D04484,P04484,0
D04485,P04485,1
D04486,P04486,0
D04487,P04487,1
D04488,P04488,0
D04489,P04489,1
D04490,P04490,0
D04491,P04491,1
D04492,P04492,0
D04493,P04493,1
D04494,P04494,0
D04495,P04495,1
D04496,P04496,0
D04497,P04497,1
D04498,P04498,0
D04499,P04499,1
D04500,P04500,0
D04501,P04501,1
D04502,P04502,0
D04503,P04503,1
D04504,P04504,0
D04505,P04505,1
D04506,P04506,0
D04507,P04507,1
D04508,P04508,0
D04509,P04509,1
D04510,P04510,0
D04511,P04511,1
D04512,P04512,0
D04513,P04513,1
D04514,P04514,0
D04515,P04515,1
D04516,P04516,0
D04517,P04517,1
D04518,P04518,0
D04519,P04519,1
D04520,P04520,0
D04521,P04521,1
D04522,P04522,0
D04523,P04523,1
D04524,P04524,0
D04525,P04525,1
D04526,P04526,0
D04527,P04527,1
D04528,P04528,0
D04529,P04529,1
D04530,P04530,0
D04531,P04531,1
D04532,P04532,0
D04533,P04533,1
D04534,P04534,0
D04535,P04535,1
D04536,P04536,0
D04537,P04537,1
D04538,P04538,0
D04539,P04539,1
D04540,P04540,0
D04541,P04541,1
D04542,P04542,0
D04543,P04543,1
D04544,P04544,0
D04545,P04545,1
D04546,P04546,0
D04547,P04547,1
D04548,P04548,0
D04549,P04549,1
D04550,P04550,0
D04551,P04551,1
D04552,P04552,0
D04553,P04553,1
D04554,P04554,0
D04555,P04555,1
D04556,P04556,0
D04557,P04557,1
D04558,P04558,0
D04559,P04559,1
D04560,P04560,0
D04561,P04561,1
D04562,P04562,0
D04563,P04563,1
D04564,P04564,0
D04565,P04565,1
D04566,P04566,0
D04567,P04567,1
D04568,P04568,0
D04569,P04569,1
D04570,P04570,0
D04571,P04571,1
D04572,P04572,0
D04573,P04573,1
D04574,P04574,0
D04575,P04575,1
D04576,P04576,0
D04577,P04577,1
D04578,P04578,0
D04579,P04579,1
D04580,P04580,0
D04581,P04581,1
D04582,P04582,0
D04583,P04583,1
D04584,P04584,0
D04585,P04585,1
D04586,P04586,0
D04587,P04587,1
D04588,P04588,0
D04589,P04589,1
D04590,P04590,0
D04591,P04591,1
D04592,P04592,0
D04593,P04593,1
D04594,P04594,0
D04595,P04595,1
D04596,P04596,0
D04597,P04597,1
D04598,P04598,0
D04599,P04599,1
D04600,P04600,0
D04601,P04601,1
D04602,P04602,0
D04603,P04603,1
D04604,P04604,0
D04605,P04605,1
D04606,P04606,0
D04607,P04607,1
D04608,P04608,0
D04609,P04609,1
D04610,P04610,0
D04611,P04611,1
D04612,P04612,0
D04613,P04613,1
D04614,P04614,0
D04615,P04615,1
D04616,P04616,0
D04617,P04617,1
D04618,P04618,0
D04619,P04619,1
D04620,P04620,0
D04621,P04621,1
D04622,P04622,0
D04623,P04623,1
D04624,P04624,0
D04625,P04625,1
D04626,P04626,0
D04627,P04627,1
D04628,P04628,0
D04629,P04629,1
D04630,P04630,0
D04631,P04631,1
D04632,P04632,0
D04633,P04633,1
D04634,P04634,0
D04635,P04635,1
D04636,P04636,0
D04637,P04637,1
D04638,P04638,0
D04639,P04639,1
D04640,P04640,0
D04641,P04641,1
D04642,P04642,0
D04643,P04643,1
D04644,P04644,0
D04645,P04645,1
D04646,P04646,0
D04647,P04647,1
D04648,P04648,0
D04649,P04649,1
D04650,P04650,0
D04651,P04651,1
D04652,P04652,0
D04653,P04653,1
D04654,P04654,0
D04655,P04655,1
D04656,P04656,0
D04657,P04657,1
D04658,P04658,0
D04659,P04659,1
D04660,P04660,0
D04661,P04661,1
D04662,P04662,0
D04663,P04663,1
D04664,P04664,0
D04665,P04665,1
D04666,P04666,0
D04667,P04667,1
D04668,P04668,0
D04669,P04669,1
D04670,P04670,0
D04671,P04671,1
D04672,P04672,0
D04673,P04673,1
D04674,P04674,0
D04675,P04675,1
D04676,P04676,0
D04677,P04677,1
D04678,P04678,0
D04679,P04679,1
D04680,P04680,0
D04681,P04681,1
D04682,P04682,0
D04683,P04683,1
D04684,P04684,0
D04685,P04685,1
D04686,P04686,0
D04687,P04687,1
D04688,P04688,0
D04689,P04689,1
D04690,P04690,0
D04691,P04691,1
D04692,P04692,0
D04693,P04693,1
D04694,P04694,0
D04695,P04695,1
D04696,P04696,0
D04697,P04697,1
D04698,P04698,0
D04699,P04699,1
D04700,P04700,0
D04701,P04701,1
D04702,P04702,0
D04703,P04703,1
D04704,P04704,0
D04705,P04705,1
D04706,P04706,0
D04707,P04707,1
D04708,P04708,0
D04709,P04709,1
D04710,P04710,0
D04711,P04711,1
D04712,P04712,0
D04713,P04713,1
D04714,P04714,0
D04715,P04715,1
D04716,P04716,0
D04717,P04717,1
D04718,P04718,0
D04719,P04719,1
D04720,P04720,0
D04721,P04721,1
D04722,P04722,0
D04723,P04723,1
D04724,P04724,0
D04725,P04725,1
D04726,P04726,0
D04727,P04727,1
D04728,P04728,0
D04729,P04729,1
D04730,P04730,0
D04731,P04731,1
D04732,P04732,0
D04733,P04733,1
D04734,P04734,0
D04735,P04735,1
D04736,P04736,0
D04737,P04737,1
D04738,P04738,0
D04739,P04739,1
D04740,P04740,0
D04741,P04741,1
D04742,P04742,0
D04743,P04743,1
D04744,P04744,0
D04745,P04745,1
D04746,P04746,0
D04747,P04747,1
D04748,P04748,0
D04749,P04749,1
D04750,P04750,0
D04751,P04751,1
D04752,P04752,0
D04753,P04753,1
D04754,P04754,0
D04755,P04755,1
D04756,P04756,0
D04757,P04757,1
D04758,P04758,0
D04759,P04759,1
D04760,P04760,0
D04761,P04761,1
D04762,P04762,0
D04763,P04763,1
D04764,P04764,0
D04765,P04765,1
D04766,P04766,0
D04767,P04767,1
D04768,P04768,0
D04769,P04769,1
D04770,P04770,0
D04771,P04771,1
D04772,P04772,0
D04773,P04773,1
D04774,P04774,0
D04775,P04775,1
D04776,P04776,0
D04777,P04777,1
D04778,P04778,0
D04779,P04779,1
D04780,P04780,0
D04781,P04781,1
D04782,P04782,0
D04783,P04783,1
D04784,P04784,0
D04785,P04785,1
D04786,P04786,0
D04787,P04787,1
D04788,P04788,0
D04789,P04789,1
D04790,P04790,0
D04791,P04791,1
D04792,P04792,0
D04793,P04793,1
D04794,P04794,0
D04795,P04795,1
D04796,P04796,0
D04797,P04797,1
D04798,P04798,0
D04799,P04799,1
D04800,P04800,0
D04801,P04801,1
D04802,P04802,0
D04803,P04803,1
D04804,P04804,0
D04805,P04805,1
D04806,P04806,0
D04807,P04807,1
D04808,P04808,0
D04809,P04809,1
D04810,P04810,0
D04811,P04811,1
D04812,P04812,0
D04813,P04813,1
D04814,P04814,0
D04815,P04815,1
D04816,P04816,0
D04817,P04817,1
D04818,P04818,0
D04819,P04819,1
D04820,P04820,0
D04821,P04821,1
D04822,P04822,0
D04823,P04823,1
D04824,P04824,0
D04825,P04825,1
D04826,P04826,0
D04827,P04827,1
D04828,P04828,0
D04829,P04829,1
D04830,P04830,0
D04831,P04831,1
D04832,P04832,0
D04833,P04833,1
D04834,P04834,0
D04835,P04835,1
D04836,P04836,0
D04837,P04837,1
D04838,P04838,0
D04839,P04839,1
D04840,P04840,0
D04841,P04841,1
D04842,P04842,0
D04843,P04843,1
D04844,P04844,0
D04845,P04845,1
D04846,P04846,0
D04847,P04847,1
D04848,P04848,0
D04849,P04849,1
D04850,P04850,0
D04851,P04851,1
D04852,P04852,0
D04853,P04853,1
D04854,P04854,0
D04855,P04855,1
D04856,P04856,0
D04857,P04857,1
D04858,P04858,0
D04859,P04859,1
D04860,P04860,0
D04861,P04861,1
D04862,P04862,0
D04863,P04863,1
D04864,P04864,0
D04865,P04865,1
D04866,P04866,0
D04867,P04867,1
D04868,P04868,0
D04869,P04869,1
D04870,P04870,0
D04871,P04871,1
D04872,P04872,0
D04873,P04873,1
D04874,P04874,0
D04875,P04875,1
D04876,P04876,0
D04877,P04877,1
D04878,P04878,0
D04879,P04879,1
D04880,P04880,0
D04881,P04881,1
D04882,P04882,0
D04883,P04883,1
D04884,P04884,0
D04885,P04885,1
D04886,P04886,0
D04887,P04887,1
D04888,P04888,0
D04889,P04889,1
D04890,P04890,0
D04891,P04891,1
D04892,P04892,0
D04893,P04893,1
D04894,P04894,0
D04895,P04895,1
D04896,P04896,0
D04897,P04897,1
D04898,P04898,0
D04899,P04899,1
D04900,P04900,0
D04901,P04901,1
D04902,P04902,0
D04903,P04903,1
D04904,P04904,0
D04905,P04905,1
D04906,P04906,0
D04907,P04907,1
D04908,P04908,0
D04909,P04909,1
D04910,P04910,0
D04911,P04911,1
D04912,P04912,0
D04913,P04913,1
D04914,P04914,0
D04915,P04915,1
D04916,P04916,0
D04917,P04917,1
D04918,P04918,0
D04919,P04919,1
D04920,P04920,0
D04921,P04921,1
D04922,P04922,0
D04923,P04923,1
D04924,P04924,0
D04925,P04925,1
D04926,P04926,0
D04927,P04927,1
D04928,P04928,0
D04929,P04929,1
D04930,P04930,0
D04931,P04931,1
D04932,P04932,0
D04933,P04933,1
D04934,P04934,0
D04935,P04935,1
D04936,P04936,0
D04937,P04937,1
D04938,P04938,0
D04939,P04939,1
D04940,P04940,0
D04941,P04941,1
D04942,P04942,0
D04943,P04943,1
D04944,P04944,0
D04945,P04945,1
D04946,P04946,0
D04947,P04947,1
D04948,P04948,0
D04949,P04949,1
D04950,P04950,0
D04951,P04951,1
D04952,P04952,0
D04953,P04953,1
D04954,P04954,0
D04955,P04955,1
D04956,P04956,0
D04957,P04957,1
D04958,P04958,0
D04959,P04959,1
D04960,P04960,0
D04961,P04961,1
D04962,P04962,0
D04963,P04963,1
D04964,P04964,0
D04965,P04965,1
D04966,P04966,0
D04967,P04967,1
D04968,P04968,0
D04969,P04969,1
D04970,P04970,0
D04971,P04971,1
D04972,P04972,0
D04973,P04973,1
D04974,P04974,0
D04975,P04975,1
D04976,P04976,0
D04977,P04977,1
D04978,P04978,0
D04979,P04979,1
D04980,P04980,0
D04981,P04981,1
D04982,P04982,0
D04983,P04983,1
D04984,P04984,0
D04985,P04985,1
D04986,P04986,0
D04987,P04987,1
D04988,P04988,0
D04989,P04989,1
D04990,P04990,0
D04991,P04991,1
D04992,P04992,0
D04993,P04993,1
D04994,P04994,0
D04995,P04995,1
D04996,P04996,0
D04997,P04997,1
D04998,P04998,0
D04999,P04999,1
D05000,P05000,0
D05001,P05001,1
D05002,P05002,0
D05003,P05003,1
D05004,P05004,0
D05005,P05005,1
D05006,P05006,0
D05007,P05007,1
D05008,P05008,0
D05009,P05009,1
D05010,P05010,0
D05011,P05011,1
D05012,P05012,0
D05013,P05013,1
D05014,P05014,0
D05015,P05015,1
D05016,P05016,0
D05017,P05017,1
D05018,P05018,0
D05019,P05019,1
D05020,P05020,0
D05021,P05021,1
D05022,P05022,0
D05023,P05023,1
D05024,P05024,0
D05025,P05025,1
D05026,P05026,0
D05027,P05027,1
D05028,P05028,0
D05029,P05029,1
D05030,P05030,0
D05031,P05031,1
D05032,P05032,0
D05033,P05033,1
D05034,P05034,0
D05035,P05035,1
D05036,P05036,0
D05037,P05037,1
D05038,P05038,0
D05039,P05039,1
D05040,P05040,0
D05041,P05041,1
D05042,P05042,0
D05043,P05043,1
D05044,P05044,0
D05045,P05045,1
D05046,P05046,0
D05047,P05047,1
D05048,P05048,0
D05049,P05049,1
D05050,P05050,0
D05051,P05051,1
D05052,P05052,0
D05053,P05053,1
D05054,P05054,0
D05055,P05055,1
D05056,P05056,0
D05057,P05057,1
D05058,P05058,0
D05059,P05059,1
D05060,P05060,0
D05061,P05061,1
D05062,P05062,0
D05063,P05063,1
D05064,P05064,0
D05065,P05065,1
D05066,P05066,0
D05067,P05067,1
D05068,P05068,0
D05069,P05069,1
D05070,P05070,0
D05071,P05071,1
D05072,P05072,0
D05073,P05073,1
D05074,P05074,0
D05075,P05075,1
D05076,P05076,0
D05077,P05077,1
D05078,P05078,0
D05079,P05079,1
D05080,P05080,0
D05081,P05081,1
D05082,P05082,0
D05083,P05083,1
D05084,P05084,0
D05085,P05085,1
D05086,P05086,0
D05087,P05087,1
D05088,P05088,0
D05089,P05089,1
D05090,P05090,0
D05091,P05091,1
D05092,P05092,0
D05093,P05093,1
D05094,P05094,0
D05095,P05095,1
D05096,P05096,0
D05097,P05097,1
D05098,P05098,0
D05099,P05099,1
D05100,P05100,0
D05101,P05101,1
D05102,P05102,0
D05103,P05103,1
D05104,P05104,0
D05105,P05105,1
D05106,P05106,0
D05107,P05107,1
D05108,P05108,0
D05109,P05109,1
D05110,P05110,0
D05111,P05111,1
D05112,P05112,0
D05113,P05113,1
D05114,P05114,0
D05115,P05115,1
D05116,P05116,0
D05117,P05117,1
D05118,P05118,0
D05119,P05119,1
D05120,P05120,0
D05121,P05121,1
D05122,P05122,0
D05123,P05123,1
D05124,P05124,0
D05125,P05125,1
D05126,P05126,0
D05127,P05127,1
D05128,P05128,0
D05129,P05129,1
D05130,P05130,0
D05131,P05131,1
D05132,P05132,0
D05133,P05133,1
D05134,P05134,0
D05135,P05135,1
D05136,P05136,0
D05137,P05137,1
D05138,P05138,0
D05139,P05139,1
D05140,P05140,0
D05141,P05141,1
D05142,P05142,0
D05143,P05143,1
D05144,P05144,0
D05145,P05145,1
D05146,P05146,0
D05147,P05147,1
D05148,P05148,0
D05149,P05149,1
D05150,P05150,0
D05151,P05151,1
D05152,P05152,0
D05153,P05153,1
D05154,P05154,0
D05155,P05155,1
D05156,P05156,0
D05157,P05157,1
D05158,P05158,0
D05159,P05159,1
D05160,P05160,0
D05161,P05161,1
D05162,P05162,0
D05163,P05163,1
D05164,P05164,0
D05165,P05165,1
D05166,P05166,0
D05167,P05167,1
D05168,P05168,0
D05169,P05169,1
D05170,P05170,0
D05171,P05171,1
D05172,P05172,0
D05173,P05173,1
D05174,P05174,0
D05175,P05175,1
D05176,P05176,0
D05177,P05177,1
D05178,P05178,0
D05179,P05179,1
D05180,P05180,0
D05181,P05181,1
D05182,P05182,0
D05183,P05183,1
D05184,P05184,0
D05185,P05185,1
D05186,P05186,0
D05187,P05187,1
D05188,P05188,0
D05189,P05189,1
D05190,P05190,0
D05191,P05191,1
D05192,P05192,0
D05193,P05193,1
D05194,P05194,0
D05195,P05195,1
D05196,P05196,0
D05197,P05197,1
D05198,P05198,0
D05199,P05199,1
D05200,P05200,0
D05201,P05201,1
D05202,P05202,0
D05203,P05203,1
D05204,P05204,0
D05205,P05205,1
D05206,P05206,0
D05207,P05207,1
D05208,P05208,0
D05209,P05209,1
D05210,P05210,0
D05211,P05211,1
D05212,P05212,0
D05213,P05213,1
D05214,P05214,0
D05215,P05215,1
D05216,P05216,0
D05217,P05217,1
D05218,P05218,0
D05219,P05219,1
D05220,P05220,0
D05221,P05221,1
D05222,P05222,0
D05223,P05223,1
D05224,P05224,0
D05225,P05225,1
D05226,P05226,0
D05227,P05227,1
D05228,P05228,0
D05229,P05229,1
D05230,P05230,0
D05231,P05231,1
D05232,P05232,0
D05233,P05233,1
D05234,P05234,0
D05235,P05235,1
D05236,P05236,0
D05237,P05237,1
D05238,P05238,0
D05239,P05239,1
D05240,P05240,0
D05241,P05241,1
D05242,P05242,0
D05243,P05243,1
D05244,P05244,0
D05245,P05245,1
D05246,P05246,0
D05247,P05247,1
D05248,P05248,0
D05249,P05249,1
D05250,P05250,0
D05251,P05251,1
D05252,P05252,0
D05253,P05253,1
D05254,P05254,0
D05255,P05255,1
D05256,P05256,0
D05257,P05257,1
D05258,P05258,0
D05259,P05259,1
D05260,P05260,0
D05261,P05261,1
D05262,P05262,0
D05263,P05263,1
D05264,P05264,0
D05265,P05265,1
D05266,P05266,0
D05267,P05267,1
D05268,P05268,0
D05269,P05269,1
D05270,P05270,0
D05271,P05271,1
D05272,P05272,0
D05273,P05273,1
D05274,P05274,0
D05275,P05275,1
D05276,P05276,0
D05277,P05277,1
D05278,P05278,0
D05279,P05279,1
D05280,P05280,0
D05281,P05281,1
D05282,P05282,0
D05283,P05283,1
D05284,P05284,0
D05285,P05285,1
D05286,P05286,0
D05287,P05287,1
D05288,P05288,0
D05289,P05289,1
D05290,P05290,0
D05291,P05291,1
D05292,P05292,0
D05293,P05293,1
D05294,P05294,0
D05295,P05295,1
D05296,P05296,0
D05297,P05297,1
D05298,P05298,0
D05299,P05299,1
D05300,P05300,0
D05301,P05301,1
D05302,P05302,0
D05303,P05303,1
D05304,P05304,0
D05305,P05305,1
D05306,P05306,0
D05307,P05307,1
D05308,P05308,0
D05309,P05309,1
D05310,P05310,0
D05311,P05311,1
D05312,P05312,0
D05313,P05313,1
D05314,P05314,0
D05315,P05315,1
D05316,P05316,0
D05317,P05317,1
D05318,P05318,0
D05319,P05319,1
D05320,P05320,0
D05321,P05321,1
D05322,P05322,0
D05323,P05323,1
D05324,P05324,0
D05325,P05325,1
D05326,P05326,0
D05327,P05327,1
D05328,P05328,0
D05329,P05329,1
D05330,P05330,0
D05331,P05331,1
D05332,P05332,0
D05333,P05333,1
D05334,P05334,0
D05335,P05335,1
D05336,P05336,0
D05337,P05337,1
D05338,P05338,0
D05339,P05339,1
D05340,P05340,0
D05341,P05341,1
D05342,P05342,0
D05343,P05343,1
D05344,P05344,0
D05345,P05345,1
D05346,P05346,0
D05347,P05347,1
D05348,P05348,0
D05349,P05349,1
D05350,P05350,0
D05351,P05351,1
D05352,P05352,0
D05353,P05353,1
D05354,P05354,0
D05355,P05355,1
D05356,P05356,0
D05357,P05357,1
D05358,P05358,0
D05359,P05359,1
D05360,P05360,0
D05361,P05361,1
D05362,P05362,0
D05363,P05363,1
D05364,P05364,0
D05365,P05365,1
D05366,P05366,0
D05367,P05367,1
D05368,P05368,0
D05369,P05369,1
D05370,P05370,0
D05371,P05371,1
D05372,P05372,0
D05373,P05373,1
D05374,P05374,0
D05375,P05375,1
D05376,P05376,0
D05377,P05377,1
D05378,P05378,0
D05379,P05379,1
D05380,P05380,0
D05381,P05381,1
D05382,P05382,0
D05383,P05383,1
D05384,P05384,0
D05385,P05385,1
D05386,P05386,0
D05387,P05387,1
D05388,P05388,0
D05389,P05389,1
D05390,P05390,0
D05391,P05391,1
D05392,P05392,0
D05393,P05393,1
D05394,P05394,0
D05395,P05395,1
D05396,P05396,0
D05397,P05397,1
D05398,P05398,0
D05399,P05399,1
D05400,P05400,0
D05401,P05401,1
D05402,P05402,0
D05403,P05403,1
D05404,P05404,0
D05405,P05405,1
D05406,P05406,0
D05407,P05407,1
D05408,P05408,0
D05409,P05409,1
D05410,P05410,0
D05411,P05411,1
D05412,P05412,0
D05413,P05413,1
D05414,P05414,0
D05415,P05415,1
D05416,P05416,0
D05417,P05417,1
D05418,P05418,0
D05419,P05419,1
D05420,P05420,0
D05421,P05421,1
D05422,P05422,0
D05423,P05423,1
D05424,P05424,0
D05425,P05425,1
D05426,P05426,0
D05427,P05427,1
D05428,P05428,0
D05429,P05429,1
D05430,P05430,0
D05431,P05431,1
D05432,P05432,0
D05433,P05433,1
D05434,P05434,0
D05435,P05435,1
D05436,P05436,0
D05437,P05437,1
D05438,P05438,0
D05439,P05439,1
D05440,P05440,0
D05441,P05441,1
D05442,P05442,0
D05443,P05443,1
D05444,P05444,0
D05445,P05445,1
D05446,P05446,0
D05447,P05447,1
D05448,P05448,0
D05449,P05449,1
D05450,P05450,0
D05451,P05451,1
D05452,P05452,0
D05453,P05453,1
D05454,P05454,0
D05455,P05455,1
D05456,P05456,0
D05457,P05457,1
D05458,P05458,0
D05459,P05459,1
D05460,P05460,0
D05461,P05461,1
D05462,P05462,0
D05463,P05463,1
D05464,P05464,0
D05465,P05465,1
D05466,P05466,0
D05467,P05467,1
D05468,P05468,0
D05469,P05469,1
D05470,P05470,0
D05471,P05471,1
D05472,P05472,0
D05473,P05473,1
D05474,P05474,0
D05475,P05475,1
D05476,P05476,0
D05477,P05477,1
D05478,P05478,0
D05479,P05479,1
D05480,P05480,0
D05481,P05481,1
D05482,P05482,0
D05483,P05483,1
D05484,P05484,0
D05485,P05485,1
D05486,P05486,0
D05487,P05487,1
D05488,P05488,0
D05489,P05489,1
D05490,P05490,0
D05491,P05491,1
D05492,P05492,0
D05493,P05493,1
D05494,P05494,0
D05495,P05495,1
D05496,P05496,0
D05497,P05497,1
D05498,P05498,0
D05499,P05499,1
D05500,P05500,0
D05501,P05501,1
D05502,P05502,0
D05503,P05503,1
D05504,P05504,0
D05505,P05505,1
D05506,P05506,0
D05507,P05507,1
D05508,P05508,0
D05509,P05509,1
D05510,P05510,0
D05511,P05511,1
D05512,P05512,0
D05513,P05513,1
D05514,P05514,0
D05515,P05515,1
D05516,P05516,0
D05517,P05517,1
D05518,P05518,0
D05519,P05519,1
D05520,P05520,0
D05521,P05521,1
D05522,P05522,0
D05523,P05523,1
D05524,P05524,0
D05525,P05525,1
D05526,P05526,0
D05527,P05527,1
D05528,P05528,0
D05529,P05529,1
D05530,P05530,0
D05531,P05531,1
D05532,P05532,0
D05533,P05533,1
D05534,P05534,0
D05535,P05535,1
D05536,P05536,0
D05537,P05537,1
D05538,P05538,0
D05539,P05539,1
D05540,P05540,0
D05541,P05541,1
D05542,P05542,0
D05543,P05543,1
D05544,P05544,0
D05545,P05545,1
D05546,P05546,0
D05547,P05547,1
D05548,P05548,0
D05549,P05549,1
D05550,P05550,0
D05551,P05551,1
D05552,P05552,0
D05553,P05553,1
D05554,P05554,0
D05555,P05555,1
D05556,P05556,0
D05557,P05557,1
D05558,P05558,0
D05559,P05559,1
D05560,P05560,0
D05561,P05561,1
D05562,P05562,0
D05563,P05563,1
D05564,P05564,0
D05565,P05565,1
D05566,P05566,0
D05567,P05567,1
D05568,P05568,0
D05569,P05569,1
D05570,P05570,0
D05571,P05571,1
D05572,P05572,0
D05573,P05573,1
D05574,P05574,0
D05575,P05575,1
D05576,P05576,0
D05577,P05577,1
D05578,P05578,0
D05579,P05579,1
D05580,P05580,0
D05581,P05581,1
D05582,P05582,0
D05583,P05583,1
D05584,P05584,0
D05585,P05585,1
D05586,P05586,0
D05587,P05587,1
D05588,P05588,0
D05589,P05589,1
D05590,P05590,0
D05591,P05591,1
D05592,P05592,0
D05593,P05593,1
D05594,P05594,0
D05595,P05595,1
D05596,P05596,0
D05597,P05597,1
D05598,P05598,0
D05599,P05599,1
D05600,P05600,0
D05601,P05601,1
D05602,P05602,0
D05603,P05603,1
D05604,P05604,0
D05605,P05605,1
D05606,P05606,0
D05607,P05607,1
D05608,P05608,0
D05609,P05609,1
D05610,P05610,0
D05611,P05611,1
D05612,P05612,0
D05613,P05613,1
D05614,P05614,0
D05615,P05615,1
D05616,P05616,0
D05617,P05617,1
D05618,P05618,0
D05619,P05619,1
D05620,P05620,0
D05621,P05621,1
D05622,P05622,0
D05623,P05623,1
D05624,P05624,0
D05625,P05625,1
D05626,P05626,0
D05627,P05627,1
D05628,P05628,0
D05629,P05629,1
D05630,P05630,0
D05631,P05631,1
D05632,P05632,0
D05633,P05633,1
D05634,P05634,0
D05635,P05635,1
D05636,P05636,0
D05637,P05637,1
D05638,P05638,0
D05639,P05639,1
D05640,P05640,0
D05641,P05641,1
D05642,P05642,0
D05643,P05643,1
D05644,P05644,0
D05645,P05645,1
D05646,P05646,0
D05647,P05647,1
D05648,P05648,0
D05649,P05649,1
D05650,P05650,0
D05651,P05651,1
D05652,P05652,0
D05653,P05653,1
D05654,P05654,0
D05655,P05655,1
D05656,P05656,0
D05657,P05657,1
D05658,P05658,0
D05659,P05659,1
D05660,P05660,0
D05661,P05661,1
D05662,P05662,0
D05663,P05663,1
D05664,P05664,0
D05665,P05665,1
D05666,P05666,0
D05667,P05667,1
D05668,P05668,0
D05669,P05669,1
D05670,P05670,0
D05671,P05671,1
D05672,P05672,0
D05673,P05673,1
D05674,P05674,0
D05675,P05675,1
D05676,P05676,0
D05677,P05677,1
D05678,P05678,0
D05679,P05679,1
D05680,P05680,0
D05681,P05681,1
D05682,P05682,0
D05683,P05683,1
D05684,P05684,0
D05685,P05685,1
D05686,P05686,0
D05687,P05687,1
D05688,P05688,0
D05689,P05689,1
D05690,P05690,0
D05691,P05691,1
D05692,P05692,0
D05693,P05693,1
D05694,P05694,0
D05695,P05695,1
D05696,P05696,0
D05697,P05697,1
D05698,P05698,0
D05699,P05699,1
D05700,P05700,0
D05701,P05701,1
D05702,P05702,0
D05703,P05703,1
D05704,P05704,0
D05705,P05705,1
D05706,P05706,0
D05707,P05707,1
D05708,P05708,0
D05709,P05709,1
D05710,P05710,0
D05711,P05711,1
D05712,P05712,0
D05713,P05713,1
D05714,P05714,0
D05715,P05715,1
D05716,P05716,0
D05717,P05717,1
D05718,P05718,0
D05719,P05719,1
D05720,P05720,0
D05721,P05721,1
D05722,P05722,0
D05723,P05723,1
D05724,P05724,0
D05725,P05725,1
D05726,P05726,0
D05727,P05727,1
D05728,P05728,0
D05729,P05729,1
D05730,P05730,0
D05731,P05731,1
D05732,P05732,0
D05733,P05733,1
D05734,P05734,0
D05735,P05735,1
D05736,P05736,0
D05737,P05737,1
D05738,P05738,0
D05739,P05739,1
D05740,P05740,0
D05741,P05741,1
D05742,P05742,0
D05743,P05743,1
D05744,P05744,0
D05745,P05745,1
D05746,P05746,0
D05747,P05747,1
D05748,P05748,0
D05749,P05749,1
D05750,P05750,0
D05751,P05751,1
D05752,P05752,0
D05753,P05753,1
D05754,P05754,0
D05755,P05755,1
D05756,P05756,0
D05757,P05757,1
D05758,P05758,0
D05759,P05759,1
D05760,P05760,0
D05761,P05761,1
D05762,P05762,0
D05763,P05763,1
D05764,P05764,0
D05765,P05765,1
D05766,P05766,0
D05767,P05767,1
D05768,P05768,0
D05769,P05769,1
D05770,P05770,0
D05771,P05771,1
D05772,P05772,0
D05773,P05773,1
D05774,P05774,0
D05775,P05775,1
D05776,P05776,0
D05777,P05777,1
D05778,P05778,0
D05779,P05779,1
D05780,P05780,0
D05781,P05781,1
D05782,P05782,0
D05783,P05783,1
D05784,P05784,0
D05785,P05785,1
D05786,P05786,0
D05787,P05787,1
D05788,P05788,0
D05789,P05789,1
D05790,P05790,0
D05791,P05791,1
D05792,P05792,0
D05793,P05793,1
D05794,P05794,0
D05795,P05795,1
D05796,P05796,0
D05797,P05797,1
D05798,P05798,0
D05799,P05799,1
D05800,P05800,0
D05801,P05801,1
D05802,P05802,0
D05803,P05803,1
D05804,P05804,0
D05805,P05805,1
D05806,P05806,0
D05807,P05807,1
D05808,P05808,0
D05809,P05809,1
D05810,P05810,0
D05811,P05811,1
D05812,P05812,0
D05813,P05813,1
D05814,P05814,0
D05815,P05815,1
D05816,P05816,0
D05817,P05817,1
D05818,P05818,0
D05819,P05819,1
D05820,P05820,0
D05821,P05821,1
D05822,P05822,0
D05823,P05823,1
D05824,P05824,0
D05825,P05825,1
D05826,P05826,0
D05827,P05827,1
D05828,P05828,0
D05829,P05829,1
D05830,P05830,0
D05831,P05831,1
D05832,P05832,0
D05833,P05833,1
D05834,P05834,0
D05835,P05835,1
D05836,P05836,0
D05837,P05837,1
D05838,P05838,0
D05839,P05839,1
D05840,P05840,0
D05841,P05841,1
D05842,P05842,0
D05843,P05843,1
D05844,P05844,0
D05845,P05845,1
D05846,P05846,0
